/*
SQLyog Ultimate v13.1.1 (64 bit)
MySQL - 10.4.28-MariaDB : Database - laravel_kurir
*********************************************************************
*/

/*!40101 SET NAMES utf8 */;

/*!40101 SET SQL_MODE=''*/;

/*!40014 SET @OLD_UNIQUE_CHECKS=@@UNIQUE_CHECKS, UNIQUE_CHECKS=0 */;
/*!40014 SET @OLD_FOREIGN_KEY_CHECKS=@@FOREIGN_KEY_CHECKS, FOREIGN_KEY_CHECKS=0 */;
/*!40101 SET @OLD_SQL_MODE=@@SQL_MODE, SQL_MODE='NO_AUTO_VALUE_ON_ZERO' */;
/*!40111 SET @OLD_SQL_NOTES=@@SQL_NOTES, SQL_NOTES=0 */;
CREATE DATABASE /*!32312 IF NOT EXISTS*/`laravel_kurir` /*!40100 DEFAULT CHARACTER SET utf8mb4 COLLATE utf8mb4_general_ci */;

USE `laravel_kurir`;

/*Table structure for table `cities` */

DROP TABLE IF EXISTS `cities`;

CREATE TABLE `cities` (
  `id` bigint(20) unsigned NOT NULL AUTO_INCREMENT,
  `province_id` int(10) unsigned NOT NULL,
  `city_id` int(10) unsigned NOT NULL,
  `name` varchar(255) NOT NULL,
  `created_at` timestamp NULL DEFAULT NULL,
  `updated_at` timestamp NULL DEFAULT NULL,
  PRIMARY KEY (`id`)
) ENGINE=InnoDB AUTO_INCREMENT=502 DEFAULT CHARSET=utf8mb4 COLLATE=utf8mb4_unicode_ci;

/*Data for the table `cities` */

insert  into `cities`(`id`,`province_id`,`city_id`,`name`,`created_at`,`updated_at`) values 
(1,1,17,'Badung','2025-05-23 11:15:21','2025-05-23 11:15:21'),
(2,1,32,'Bangli','2025-05-23 11:15:21','2025-05-23 11:15:21'),
(3,1,94,'Buleleng','2025-05-23 11:15:21','2025-05-23 11:15:21'),
(4,1,114,'Denpasar','2025-05-23 11:15:21','2025-05-23 11:15:21'),
(5,1,128,'Gianyar','2025-05-23 11:15:21','2025-05-23 11:15:21'),
(6,1,161,'Jembrana','2025-05-23 11:15:21','2025-05-23 11:15:21'),
(7,1,170,'Karangasem','2025-05-23 11:15:21','2025-05-23 11:15:21'),
(8,1,197,'Klungkung','2025-05-23 11:15:21','2025-05-23 11:15:21'),
(9,1,447,'Tabanan','2025-05-23 11:15:21','2025-05-23 11:15:21'),
(10,2,27,'Bangka','2025-05-23 11:15:23','2025-05-23 11:15:23'),
(11,2,28,'Bangka Barat','2025-05-23 11:15:23','2025-05-23 11:15:23'),
(12,2,29,'Bangka Selatan','2025-05-23 11:15:23','2025-05-23 11:15:23'),
(13,2,30,'Bangka Tengah','2025-05-23 11:15:23','2025-05-23 11:15:23'),
(14,2,56,'Belitung','2025-05-23 11:15:23','2025-05-23 11:15:23'),
(15,2,57,'Belitung Timur','2025-05-23 11:15:23','2025-05-23 11:15:23'),
(16,2,334,'Pangkal Pinang','2025-05-23 11:15:23','2025-05-23 11:15:23'),
(17,3,106,'Cilegon','2025-05-23 11:15:24','2025-05-23 11:15:24'),
(18,3,232,'Lebak','2025-05-23 11:15:24','2025-05-23 11:15:24'),
(19,3,331,'Pandeglang','2025-05-23 11:15:24','2025-05-23 11:15:24'),
(20,3,402,'Serang','2025-05-23 11:15:24','2025-05-23 11:15:24'),
(21,3,403,'Serang','2025-05-23 11:15:24','2025-05-23 11:15:24'),
(22,3,455,'Tangerang','2025-05-23 11:15:24','2025-05-23 11:15:24'),
(23,3,456,'Tangerang','2025-05-23 11:15:24','2025-05-23 11:15:24'),
(24,3,457,'Tangerang Selatan','2025-05-23 11:15:24','2025-05-23 11:15:24'),
(25,4,62,'Bengkulu','2025-05-23 11:15:25','2025-05-23 11:15:25'),
(26,4,63,'Bengkulu Selatan','2025-05-23 11:15:25','2025-05-23 11:15:25'),
(27,4,64,'Bengkulu Tengah','2025-05-23 11:15:25','2025-05-23 11:15:25'),
(28,4,65,'Bengkulu Utara','2025-05-23 11:15:25','2025-05-23 11:15:25'),
(29,4,175,'Kaur','2025-05-23 11:15:25','2025-05-23 11:15:25'),
(30,4,183,'Kepahiang','2025-05-23 11:15:25','2025-05-23 11:15:25'),
(31,4,233,'Lebong','2025-05-23 11:15:25','2025-05-23 11:15:25'),
(32,4,294,'Muko Muko','2025-05-23 11:15:25','2025-05-23 11:15:25'),
(33,4,379,'Rejang Lebong','2025-05-23 11:15:25','2025-05-23 11:15:25'),
(34,4,397,'Seluma','2025-05-23 11:15:25','2025-05-23 11:15:25'),
(35,5,39,'Bantul','2025-05-23 11:15:27','2025-05-23 11:15:27'),
(36,5,135,'Gunung Kidul','2025-05-23 11:15:27','2025-05-23 11:15:27'),
(37,5,210,'Kulon Progo','2025-05-23 11:15:27','2025-05-23 11:15:27'),
(38,5,419,'Sleman','2025-05-23 11:15:27','2025-05-23 11:15:27'),
(39,5,501,'Yogyakarta','2025-05-23 11:15:27','2025-05-23 11:15:27'),
(40,6,151,'Jakarta Barat','2025-05-23 11:15:29','2025-05-23 11:15:29'),
(41,6,152,'Jakarta Pusat','2025-05-23 11:15:29','2025-05-23 11:15:29'),
(42,6,153,'Jakarta Selatan','2025-05-23 11:15:29','2025-05-23 11:15:29'),
(43,6,154,'Jakarta Timur','2025-05-23 11:15:29','2025-05-23 11:15:29'),
(44,6,155,'Jakarta Utara','2025-05-23 11:15:29','2025-05-23 11:15:29'),
(45,6,189,'Kepulauan Seribu','2025-05-23 11:15:29','2025-05-23 11:15:29'),
(46,7,77,'Boalemo','2025-05-23 11:15:30','2025-05-23 11:15:30'),
(47,7,88,'Bone Bolango','2025-05-23 11:15:30','2025-05-23 11:15:30'),
(48,7,129,'Gorontalo','2025-05-23 11:15:30','2025-05-23 11:15:30'),
(49,7,130,'Gorontalo','2025-05-23 11:15:30','2025-05-23 11:15:30'),
(50,7,131,'Gorontalo Utara','2025-05-23 11:15:30','2025-05-23 11:15:30'),
(51,7,361,'Pohuwato','2025-05-23 11:15:30','2025-05-23 11:15:30'),
(52,8,50,'Batang Hari','2025-05-23 11:15:32','2025-05-23 11:15:32'),
(53,8,97,'Bungo','2025-05-23 11:15:32','2025-05-23 11:15:32'),
(54,8,156,'Jambi','2025-05-23 11:15:32','2025-05-23 11:15:32'),
(55,8,194,'Kerinci','2025-05-23 11:15:32','2025-05-23 11:15:32'),
(56,8,280,'Merangin','2025-05-23 11:15:32','2025-05-23 11:15:32'),
(57,8,293,'Muaro Jambi','2025-05-23 11:15:32','2025-05-23 11:15:32'),
(58,8,393,'Sarolangun','2025-05-23 11:15:32','2025-05-23 11:15:32'),
(59,8,442,'Sungaipenuh','2025-05-23 11:15:32','2025-05-23 11:15:32'),
(60,8,460,'Tanjung Jabung Barat','2025-05-23 11:15:32','2025-05-23 11:15:32'),
(61,8,461,'Tanjung Jabung Timur','2025-05-23 11:15:32','2025-05-23 11:15:32'),
(62,8,471,'Tebo','2025-05-23 11:15:32','2025-05-23 11:15:32'),
(63,9,22,'Bandung','2025-05-23 11:15:33','2025-05-23 11:15:33'),
(64,9,23,'Bandung','2025-05-23 11:15:33','2025-05-23 11:15:33'),
(65,9,24,'Bandung Barat','2025-05-23 11:15:33','2025-05-23 11:15:33'),
(66,9,34,'Banjar','2025-05-23 11:15:33','2025-05-23 11:15:33'),
(67,9,54,'Bekasi','2025-05-23 11:15:33','2025-05-23 11:15:33'),
(68,9,55,'Bekasi','2025-05-23 11:15:33','2025-05-23 11:15:33'),
(69,9,78,'Bogor','2025-05-23 11:15:33','2025-05-23 11:15:33'),
(70,9,79,'Bogor','2025-05-23 11:15:33','2025-05-23 11:15:33'),
(71,9,103,'Ciamis','2025-05-23 11:15:33','2025-05-23 11:15:33'),
(72,9,104,'Cianjur','2025-05-23 11:15:33','2025-05-23 11:15:33'),
(73,9,107,'Cimahi','2025-05-23 11:15:33','2025-05-23 11:15:33'),
(74,9,108,'Cirebon','2025-05-23 11:15:33','2025-05-23 11:15:33'),
(75,9,109,'Cirebon','2025-05-23 11:15:33','2025-05-23 11:15:33'),
(76,9,115,'Depok','2025-05-23 11:15:33','2025-05-23 11:15:33'),
(77,9,126,'Garut','2025-05-23 11:15:33','2025-05-23 11:15:33'),
(78,9,149,'Indramayu','2025-05-23 11:15:33','2025-05-23 11:15:33'),
(79,9,171,'Karawang','2025-05-23 11:15:33','2025-05-23 11:15:33'),
(80,9,211,'Kuningan','2025-05-23 11:15:33','2025-05-23 11:15:33'),
(81,9,252,'Majalengka','2025-05-23 11:15:33','2025-05-23 11:15:33'),
(82,9,332,'Pangandaran','2025-05-23 11:15:33','2025-05-23 11:15:33'),
(83,9,376,'Purwakarta','2025-05-23 11:15:33','2025-05-23 11:15:33'),
(84,9,428,'Subang','2025-05-23 11:15:33','2025-05-23 11:15:33'),
(85,9,430,'Sukabumi','2025-05-23 11:15:33','2025-05-23 11:15:33'),
(86,9,431,'Sukabumi','2025-05-23 11:15:33','2025-05-23 11:15:33'),
(87,9,440,'Sumedang','2025-05-23 11:15:33','2025-05-23 11:15:33'),
(88,9,468,'Tasikmalaya','2025-05-23 11:15:33','2025-05-23 11:15:33'),
(89,9,469,'Tasikmalaya','2025-05-23 11:15:33','2025-05-23 11:15:33'),
(90,10,37,'Banjarnegara','2025-05-23 11:15:35','2025-05-23 11:15:35'),
(91,10,41,'Banyumas','2025-05-23 11:15:35','2025-05-23 11:15:35'),
(92,10,49,'Batang','2025-05-23 11:15:35','2025-05-23 11:15:35'),
(93,10,76,'Blora','2025-05-23 11:15:35','2025-05-23 11:15:35'),
(94,10,91,'Boyolali','2025-05-23 11:15:35','2025-05-23 11:15:35'),
(95,10,92,'Brebes','2025-05-23 11:15:35','2025-05-23 11:15:35'),
(96,10,105,'Cilacap','2025-05-23 11:15:35','2025-05-23 11:15:35'),
(97,10,113,'Demak','2025-05-23 11:15:35','2025-05-23 11:15:35'),
(98,10,134,'Grobogan','2025-05-23 11:15:35','2025-05-23 11:15:35'),
(99,10,163,'Jepara','2025-05-23 11:15:35','2025-05-23 11:15:35'),
(100,10,169,'Karanganyar','2025-05-23 11:15:35','2025-05-23 11:15:35'),
(101,10,177,'Kebumen','2025-05-23 11:15:35','2025-05-23 11:15:35'),
(102,10,181,'Kendal','2025-05-23 11:15:35','2025-05-23 11:15:35'),
(103,10,196,'Klaten','2025-05-23 11:15:35','2025-05-23 11:15:35'),
(104,10,209,'Kudus','2025-05-23 11:15:35','2025-05-23 11:15:35'),
(105,10,249,'Magelang','2025-05-23 11:15:35','2025-05-23 11:15:35'),
(106,10,250,'Magelang','2025-05-23 11:15:35','2025-05-23 11:15:35'),
(107,10,344,'Pati','2025-05-23 11:15:35','2025-05-23 11:15:35'),
(108,10,348,'Pekalongan','2025-05-23 11:15:35','2025-05-23 11:15:35'),
(109,10,349,'Pekalongan','2025-05-23 11:15:35','2025-05-23 11:15:35'),
(110,10,352,'Pemalang','2025-05-23 11:15:35','2025-05-23 11:15:35'),
(111,10,375,'Purbalingga','2025-05-23 11:15:35','2025-05-23 11:15:35'),
(112,10,377,'Purworejo','2025-05-23 11:15:35','2025-05-23 11:15:35'),
(113,10,380,'Rembang','2025-05-23 11:15:35','2025-05-23 11:15:35'),
(114,10,386,'Salatiga','2025-05-23 11:15:35','2025-05-23 11:15:35'),
(115,10,398,'Semarang','2025-05-23 11:15:35','2025-05-23 11:15:35'),
(116,10,399,'Semarang','2025-05-23 11:15:35','2025-05-23 11:15:35'),
(117,10,427,'Sragen','2025-05-23 11:15:35','2025-05-23 11:15:35'),
(118,10,433,'Sukoharjo','2025-05-23 11:15:35','2025-05-23 11:15:35'),
(119,10,445,'Surakarta (Solo)','2025-05-23 11:15:35','2025-05-23 11:15:35'),
(120,10,472,'Tegal','2025-05-23 11:15:35','2025-05-23 11:15:35'),
(121,10,473,'Tegal','2025-05-23 11:15:35','2025-05-23 11:15:35'),
(122,10,476,'Temanggung','2025-05-23 11:15:35','2025-05-23 11:15:35'),
(123,10,497,'Wonogiri','2025-05-23 11:15:35','2025-05-23 11:15:35'),
(124,10,498,'Wonosobo','2025-05-23 11:15:35','2025-05-23 11:15:35'),
(125,11,31,'Bangkalan','2025-05-23 11:15:36','2025-05-23 11:15:36'),
(126,11,42,'Banyuwangi','2025-05-23 11:15:36','2025-05-23 11:15:36'),
(127,11,51,'Batu','2025-05-23 11:15:36','2025-05-23 11:15:36'),
(128,11,74,'Blitar','2025-05-23 11:15:36','2025-05-23 11:15:36'),
(129,11,75,'Blitar','2025-05-23 11:15:36','2025-05-23 11:15:36'),
(130,11,80,'Bojonegoro','2025-05-23 11:15:36','2025-05-23 11:15:36'),
(131,11,86,'Bondowoso','2025-05-23 11:15:36','2025-05-23 11:15:36'),
(132,11,133,'Gresik','2025-05-23 11:15:36','2025-05-23 11:15:36'),
(133,11,160,'Jember','2025-05-23 11:15:36','2025-05-23 11:15:36'),
(134,11,164,'Jombang','2025-05-23 11:15:36','2025-05-23 11:15:36'),
(135,11,178,'Kediri','2025-05-23 11:15:36','2025-05-23 11:15:36'),
(136,11,179,'Kediri','2025-05-23 11:15:36','2025-05-23 11:15:36'),
(137,11,222,'Lamongan','2025-05-23 11:15:36','2025-05-23 11:15:36'),
(138,11,243,'Lumajang','2025-05-23 11:15:36','2025-05-23 11:15:36'),
(139,11,247,'Madiun','2025-05-23 11:15:36','2025-05-23 11:15:36'),
(140,11,248,'Madiun','2025-05-23 11:15:36','2025-05-23 11:15:36'),
(141,11,251,'Magetan','2025-05-23 11:15:36','2025-05-23 11:15:36'),
(142,11,256,'Malang','2025-05-23 11:15:36','2025-05-23 11:15:36'),
(143,11,255,'Malang','2025-05-23 11:15:37','2025-05-23 11:15:37'),
(144,11,289,'Mojokerto','2025-05-23 11:15:37','2025-05-23 11:15:37'),
(145,11,290,'Mojokerto','2025-05-23 11:15:37','2025-05-23 11:15:37'),
(146,11,305,'Nganjuk','2025-05-23 11:15:37','2025-05-23 11:15:37'),
(147,11,306,'Ngawi','2025-05-23 11:15:37','2025-05-23 11:15:37'),
(148,11,317,'Pacitan','2025-05-23 11:15:37','2025-05-23 11:15:37'),
(149,11,330,'Pamekasan','2025-05-23 11:15:37','2025-05-23 11:15:37'),
(150,11,342,'Pasuruan','2025-05-23 11:15:37','2025-05-23 11:15:37'),
(151,11,343,'Pasuruan','2025-05-23 11:15:37','2025-05-23 11:15:37'),
(152,11,363,'Ponorogo','2025-05-23 11:15:37','2025-05-23 11:15:37'),
(153,11,369,'Probolinggo','2025-05-23 11:15:37','2025-05-23 11:15:37'),
(154,11,370,'Probolinggo','2025-05-23 11:15:37','2025-05-23 11:15:37'),
(155,11,390,'Sampang','2025-05-23 11:15:37','2025-05-23 11:15:37'),
(156,11,409,'Sidoarjo','2025-05-23 11:15:37','2025-05-23 11:15:37'),
(157,11,418,'Situbondo','2025-05-23 11:15:37','2025-05-23 11:15:37'),
(158,11,441,'Sumenep','2025-05-23 11:15:37','2025-05-23 11:15:37'),
(159,11,444,'Surabaya','2025-05-23 11:15:37','2025-05-23 11:15:37'),
(160,11,487,'Trenggalek','2025-05-23 11:15:37','2025-05-23 11:15:37'),
(161,11,489,'Tuban','2025-05-23 11:15:37','2025-05-23 11:15:37'),
(162,11,492,'Tulungagung','2025-05-23 11:15:37','2025-05-23 11:15:37'),
(163,12,61,'Bengkayang','2025-05-23 11:15:38','2025-05-23 11:15:38'),
(164,12,168,'Kapuas Hulu','2025-05-23 11:15:38','2025-05-23 11:15:38'),
(165,12,176,'Kayong Utara','2025-05-23 11:15:38','2025-05-23 11:15:38'),
(166,12,195,'Ketapang','2025-05-23 11:15:38','2025-05-23 11:15:38'),
(167,12,208,'Kubu Raya','2025-05-23 11:15:38','2025-05-23 11:15:38'),
(168,12,228,'Landak','2025-05-23 11:15:38','2025-05-23 11:15:38'),
(169,12,279,'Melawi','2025-05-23 11:15:38','2025-05-23 11:15:38'),
(170,12,364,'Pontianak','2025-05-23 11:15:38','2025-05-23 11:15:38'),
(171,12,365,'Pontianak','2025-05-23 11:15:38','2025-05-23 11:15:38'),
(172,12,388,'Sambas','2025-05-23 11:15:38','2025-05-23 11:15:38'),
(173,12,391,'Sanggau','2025-05-23 11:15:38','2025-05-23 11:15:38'),
(174,12,395,'Sekadau','2025-05-23 11:15:38','2025-05-23 11:15:38'),
(175,12,415,'Singkawang','2025-05-23 11:15:38','2025-05-23 11:15:38'),
(176,12,417,'Sintang','2025-05-23 11:15:38','2025-05-23 11:15:38'),
(177,13,18,'Balangan','2025-05-23 11:15:40','2025-05-23 11:15:40'),
(178,13,33,'Banjar','2025-05-23 11:15:40','2025-05-23 11:15:40'),
(179,13,35,'Banjarbaru','2025-05-23 11:15:40','2025-05-23 11:15:40'),
(180,13,36,'Banjarmasin','2025-05-23 11:15:40','2025-05-23 11:15:40'),
(181,13,43,'Barito Kuala','2025-05-23 11:15:40','2025-05-23 11:15:40'),
(182,13,143,'Hulu Sungai Selatan','2025-05-23 11:15:40','2025-05-23 11:15:40'),
(183,13,144,'Hulu Sungai Tengah','2025-05-23 11:15:40','2025-05-23 11:15:40'),
(184,13,145,'Hulu Sungai Utara','2025-05-23 11:15:40','2025-05-23 11:15:40'),
(185,13,203,'Kotabaru','2025-05-23 11:15:40','2025-05-23 11:15:40'),
(186,13,446,'Tabalong','2025-05-23 11:15:40','2025-05-23 11:15:40'),
(187,13,452,'Tanah Bumbu','2025-05-23 11:15:40','2025-05-23 11:15:40'),
(188,13,454,'Tanah Laut','2025-05-23 11:15:40','2025-05-23 11:15:40'),
(189,13,466,'Tapin','2025-05-23 11:15:40','2025-05-23 11:15:40'),
(190,14,44,'Barito Selatan','2025-05-23 11:15:41','2025-05-23 11:15:41'),
(191,14,45,'Barito Timur','2025-05-23 11:15:41','2025-05-23 11:15:41'),
(192,14,46,'Barito Utara','2025-05-23 11:15:41','2025-05-23 11:15:41'),
(193,14,136,'Gunung Mas','2025-05-23 11:15:41','2025-05-23 11:15:41'),
(194,14,167,'Kapuas','2025-05-23 11:15:41','2025-05-23 11:15:41'),
(195,14,174,'Katingan','2025-05-23 11:15:41','2025-05-23 11:15:41'),
(196,14,205,'Kotawaringin Barat','2025-05-23 11:15:41','2025-05-23 11:15:41'),
(197,14,206,'Kotawaringin Timur','2025-05-23 11:15:41','2025-05-23 11:15:41'),
(198,14,221,'Lamandau','2025-05-23 11:15:41','2025-05-23 11:15:41'),
(199,14,296,'Murung Raya','2025-05-23 11:15:41','2025-05-23 11:15:41'),
(200,14,326,'Palangka Raya','2025-05-23 11:15:41','2025-05-23 11:15:41'),
(201,14,371,'Pulang Pisau','2025-05-23 11:15:41','2025-05-23 11:15:41'),
(202,14,405,'Seruyan','2025-05-23 11:15:41','2025-05-23 11:15:41'),
(203,14,432,'Sukamara','2025-05-23 11:15:41','2025-05-23 11:15:41'),
(204,15,19,'Balikpapan','2025-05-23 11:15:43','2025-05-23 11:15:43'),
(205,15,66,'Berau','2025-05-23 11:15:43','2025-05-23 11:15:43'),
(206,15,89,'Bontang','2025-05-23 11:15:43','2025-05-23 11:15:43'),
(207,15,214,'Kutai Barat','2025-05-23 11:15:43','2025-05-23 11:15:43'),
(208,15,215,'Kutai Kartanegara','2025-05-23 11:15:43','2025-05-23 11:15:43'),
(209,15,216,'Kutai Timur','2025-05-23 11:15:43','2025-05-23 11:15:43'),
(210,15,341,'Paser','2025-05-23 11:15:43','2025-05-23 11:15:43'),
(211,15,354,'Penajam Paser Utara','2025-05-23 11:15:43','2025-05-23 11:15:43'),
(212,15,387,'Samarinda','2025-05-23 11:15:43','2025-05-23 11:15:43'),
(213,16,96,'Bulungan (Bulongan)','2025-05-23 11:15:44','2025-05-23 11:15:44'),
(214,16,257,'Malinau','2025-05-23 11:15:44','2025-05-23 11:15:44'),
(215,16,311,'Nunukan','2025-05-23 11:15:44','2025-05-23 11:15:44'),
(216,16,450,'Tana Tidung','2025-05-23 11:15:44','2025-05-23 11:15:44'),
(217,16,467,'Tarakan','2025-05-23 11:15:44','2025-05-23 11:15:44'),
(218,17,48,'Batam','2025-05-23 11:15:46','2025-05-23 11:15:46'),
(219,17,71,'Bintan','2025-05-23 11:15:46','2025-05-23 11:15:46'),
(220,17,172,'Karimun','2025-05-23 11:15:46','2025-05-23 11:15:46'),
(221,17,184,'Kepulauan Anambas','2025-05-23 11:15:46','2025-05-23 11:15:46'),
(222,17,237,'Lingga','2025-05-23 11:15:46','2025-05-23 11:15:46'),
(223,17,302,'Natuna','2025-05-23 11:15:46','2025-05-23 11:15:46'),
(224,17,462,'Tanjung Pinang','2025-05-23 11:15:46','2025-05-23 11:15:46'),
(225,18,21,'Bandar Lampung','2025-05-23 11:15:47','2025-05-23 11:15:47'),
(226,18,223,'Lampung Barat','2025-05-23 11:15:47','2025-05-23 11:15:47'),
(227,18,224,'Lampung Selatan','2025-05-23 11:15:47','2025-05-23 11:15:47'),
(228,18,225,'Lampung Tengah','2025-05-23 11:15:47','2025-05-23 11:15:47'),
(229,18,226,'Lampung Timur','2025-05-23 11:15:47','2025-05-23 11:15:47'),
(230,18,227,'Lampung Utara','2025-05-23 11:15:47','2025-05-23 11:15:47'),
(231,18,282,'Mesuji','2025-05-23 11:15:47','2025-05-23 11:15:47'),
(232,18,283,'Metro','2025-05-23 11:15:47','2025-05-23 11:15:47'),
(233,18,355,'Pesawaran','2025-05-23 11:15:47','2025-05-23 11:15:47'),
(234,18,356,'Pesisir Barat','2025-05-23 11:15:47','2025-05-23 11:15:47'),
(235,18,368,'Pringsewu','2025-05-23 11:15:47','2025-05-23 11:15:47'),
(236,18,458,'Tanggamus','2025-05-23 11:15:47','2025-05-23 11:15:47'),
(237,18,490,'Tulang Bawang','2025-05-23 11:15:47','2025-05-23 11:15:47'),
(238,18,491,'Tulang Bawang Barat','2025-05-23 11:15:47','2025-05-23 11:15:47'),
(239,18,496,'Way Kanan','2025-05-23 11:15:47','2025-05-23 11:15:47'),
(240,19,14,'Ambon','2025-05-23 11:15:48','2025-05-23 11:15:48'),
(241,19,99,'Buru','2025-05-23 11:15:49','2025-05-23 11:15:49'),
(242,19,100,'Buru Selatan','2025-05-23 11:15:49','2025-05-23 11:15:49'),
(243,19,185,'Kepulauan Aru','2025-05-23 11:15:49','2025-05-23 11:15:49'),
(244,19,258,'Maluku Barat Daya','2025-05-23 11:15:49','2025-05-23 11:15:49'),
(245,19,259,'Maluku Tengah','2025-05-23 11:15:49','2025-05-23 11:15:49'),
(246,19,260,'Maluku Tenggara','2025-05-23 11:15:49','2025-05-23 11:15:49'),
(247,19,261,'Maluku Tenggara Barat','2025-05-23 11:15:49','2025-05-23 11:15:49'),
(248,19,400,'Seram Bagian Barat','2025-05-23 11:15:49','2025-05-23 11:15:49'),
(249,19,401,'Seram Bagian Timur','2025-05-23 11:15:49','2025-05-23 11:15:49'),
(250,19,488,'Tual','2025-05-23 11:15:49','2025-05-23 11:15:49'),
(251,20,138,'Halmahera Barat','2025-05-23 11:15:50','2025-05-23 11:15:50'),
(252,20,139,'Halmahera Selatan','2025-05-23 11:15:50','2025-05-23 11:15:50'),
(253,20,140,'Halmahera Tengah','2025-05-23 11:15:50','2025-05-23 11:15:50'),
(254,20,141,'Halmahera Timur','2025-05-23 11:15:50','2025-05-23 11:15:50'),
(255,20,142,'Halmahera Utara','2025-05-23 11:15:50','2025-05-23 11:15:50'),
(256,20,191,'Kepulauan Sula','2025-05-23 11:15:50','2025-05-23 11:15:50'),
(257,20,372,'Pulau Morotai','2025-05-23 11:15:50','2025-05-23 11:15:50'),
(258,20,477,'Ternate','2025-05-23 11:15:50','2025-05-23 11:15:50'),
(259,20,478,'Tidore Kepulauan','2025-05-23 11:15:50','2025-05-23 11:15:50'),
(260,21,1,'Aceh Barat','2025-05-23 11:15:52','2025-05-23 11:15:52'),
(261,21,2,'Aceh Barat Daya','2025-05-23 11:15:52','2025-05-23 11:15:52'),
(262,21,3,'Aceh Besar','2025-05-23 11:15:52','2025-05-23 11:15:52'),
(263,21,4,'Aceh Jaya','2025-05-23 11:15:52','2025-05-23 11:15:52'),
(264,21,5,'Aceh Selatan','2025-05-23 11:15:52','2025-05-23 11:15:52'),
(265,21,6,'Aceh Singkil','2025-05-23 11:15:52','2025-05-23 11:15:52'),
(266,21,7,'Aceh Tamiang','2025-05-23 11:15:52','2025-05-23 11:15:52'),
(267,21,8,'Aceh Tengah','2025-05-23 11:15:52','2025-05-23 11:15:52'),
(268,21,9,'Aceh Tenggara','2025-05-23 11:15:52','2025-05-23 11:15:52'),
(269,21,10,'Aceh Timur','2025-05-23 11:15:52','2025-05-23 11:15:52'),
(270,21,11,'Aceh Utara','2025-05-23 11:15:52','2025-05-23 11:15:52'),
(271,21,20,'Banda Aceh','2025-05-23 11:15:52','2025-05-23 11:15:52'),
(272,21,59,'Bener Meriah','2025-05-23 11:15:52','2025-05-23 11:15:52'),
(273,21,72,'Bireuen','2025-05-23 11:15:52','2025-05-23 11:15:52'),
(274,21,127,'Gayo Lues','2025-05-23 11:15:52','2025-05-23 11:15:52'),
(275,21,230,'Langsa','2025-05-23 11:15:52','2025-05-23 11:15:52'),
(276,21,235,'Lhokseumawe','2025-05-23 11:15:52','2025-05-23 11:15:52'),
(277,21,300,'Nagan Raya','2025-05-23 11:15:52','2025-05-23 11:15:52'),
(278,21,358,'Pidie','2025-05-23 11:15:52','2025-05-23 11:15:52'),
(279,21,359,'Pidie Jaya','2025-05-23 11:15:52','2025-05-23 11:15:52'),
(280,21,384,'Sabang','2025-05-23 11:15:52','2025-05-23 11:15:52'),
(281,21,414,'Simeulue','2025-05-23 11:15:52','2025-05-23 11:15:52'),
(282,21,429,'Subulussalam','2025-05-23 11:15:52','2025-05-23 11:15:52'),
(283,22,68,'Bima','2025-05-23 11:15:53','2025-05-23 11:15:53'),
(284,22,69,'Bima','2025-05-23 11:15:53','2025-05-23 11:15:53'),
(285,22,118,'Dompu','2025-05-23 11:15:53','2025-05-23 11:15:53'),
(286,22,238,'Lombok Barat','2025-05-23 11:15:53','2025-05-23 11:15:53'),
(287,22,239,'Lombok Tengah','2025-05-23 11:15:53','2025-05-23 11:15:53'),
(288,22,240,'Lombok Timur','2025-05-23 11:15:53','2025-05-23 11:15:53'),
(289,22,241,'Lombok Utara','2025-05-23 11:15:53','2025-05-23 11:15:53'),
(290,22,276,'Mataram','2025-05-23 11:15:53','2025-05-23 11:15:53'),
(291,22,438,'Sumbawa','2025-05-23 11:15:53','2025-05-23 11:15:53'),
(292,22,439,'Sumbawa Barat','2025-05-23 11:15:53','2025-05-23 11:15:53'),
(293,23,13,'Alor','2025-05-23 11:15:54','2025-05-23 11:15:54'),
(294,23,58,'Belu','2025-05-23 11:15:54','2025-05-23 11:15:54'),
(295,23,122,'Ende','2025-05-23 11:15:54','2025-05-23 11:15:54'),
(296,23,125,'Flores Timur','2025-05-23 11:15:54','2025-05-23 11:15:54'),
(297,23,212,'Kupang','2025-05-23 11:15:54','2025-05-23 11:15:54'),
(298,23,213,'Kupang','2025-05-23 11:15:54','2025-05-23 11:15:54'),
(299,23,234,'Lembata','2025-05-23 11:15:54','2025-05-23 11:15:54'),
(300,23,269,'Manggarai','2025-05-23 11:15:54','2025-05-23 11:15:54'),
(301,23,270,'Manggarai Barat','2025-05-23 11:15:54','2025-05-23 11:15:54'),
(302,23,271,'Manggarai Timur','2025-05-23 11:15:54','2025-05-23 11:15:54'),
(303,23,301,'Nagekeo','2025-05-23 11:15:54','2025-05-23 11:15:54'),
(304,23,304,'Ngada','2025-05-23 11:15:54','2025-05-23 11:15:54'),
(305,23,383,'Rote Ndao','2025-05-23 11:15:54','2025-05-23 11:15:54'),
(306,23,385,'Sabu Raijua','2025-05-23 11:15:54','2025-05-23 11:15:54'),
(307,23,412,'Sikka','2025-05-23 11:15:54','2025-05-23 11:15:54'),
(308,23,434,'Sumba Barat','2025-05-23 11:15:54','2025-05-23 11:15:54'),
(309,23,435,'Sumba Barat Daya','2025-05-23 11:15:54','2025-05-23 11:15:54'),
(310,23,436,'Sumba Tengah','2025-05-23 11:15:54','2025-05-23 11:15:54'),
(311,23,437,'Sumba Timur','2025-05-23 11:15:54','2025-05-23 11:15:54'),
(312,23,479,'Timor Tengah Selatan','2025-05-23 11:15:54','2025-05-23 11:15:54'),
(313,23,480,'Timor Tengah Utara','2025-05-23 11:15:55','2025-05-23 11:15:55'),
(314,24,16,'Asmat','2025-05-23 11:15:56','2025-05-23 11:15:56'),
(315,24,67,'Biak Numfor','2025-05-23 11:15:56','2025-05-23 11:15:56'),
(316,24,90,'Boven Digoel','2025-05-23 11:15:56','2025-05-23 11:15:56'),
(317,24,111,'Deiyai (Deliyai)','2025-05-23 11:15:56','2025-05-23 11:15:56'),
(318,24,117,'Dogiyai','2025-05-23 11:15:56','2025-05-23 11:15:56'),
(319,24,150,'Intan Jaya','2025-05-23 11:15:56','2025-05-23 11:15:56'),
(320,24,157,'Jayapura','2025-05-23 11:15:56','2025-05-23 11:15:56'),
(321,24,158,'Jayapura','2025-05-23 11:15:56','2025-05-23 11:15:56'),
(322,24,159,'Jayawijaya','2025-05-23 11:15:56','2025-05-23 11:15:56'),
(323,24,180,'Keerom','2025-05-23 11:15:56','2025-05-23 11:15:56'),
(324,24,193,'Kepulauan Yapen (Yapen Waropen)','2025-05-23 11:15:56','2025-05-23 11:15:56'),
(325,24,231,'Lanny Jaya','2025-05-23 11:15:56','2025-05-23 11:15:56'),
(326,24,263,'Mamberamo Raya','2025-05-23 11:15:56','2025-05-23 11:15:56'),
(327,24,264,'Mamberamo Tengah','2025-05-23 11:15:56','2025-05-23 11:15:56'),
(328,24,274,'Mappi','2025-05-23 11:15:56','2025-05-23 11:15:56'),
(329,24,281,'Merauke','2025-05-23 11:15:56','2025-05-23 11:15:56'),
(330,24,284,'Mimika','2025-05-23 11:15:56','2025-05-23 11:15:56'),
(331,24,299,'Nabire','2025-05-23 11:15:56','2025-05-23 11:15:56'),
(332,24,303,'Nduga','2025-05-23 11:15:56','2025-05-23 11:15:56'),
(333,24,335,'Paniai','2025-05-23 11:15:56','2025-05-23 11:15:56'),
(334,24,347,'Pegunungan Bintang','2025-05-23 11:15:56','2025-05-23 11:15:56'),
(335,24,373,'Puncak','2025-05-23 11:15:56','2025-05-23 11:15:56'),
(336,24,374,'Puncak Jaya','2025-05-23 11:15:56','2025-05-23 11:15:56'),
(337,24,392,'Sarmi','2025-05-23 11:15:56','2025-05-23 11:15:56'),
(338,24,443,'Supiori','2025-05-23 11:15:56','2025-05-23 11:15:56'),
(339,24,484,'Tolikara','2025-05-23 11:15:56','2025-05-23 11:15:56'),
(340,24,495,'Waropen','2025-05-23 11:15:56','2025-05-23 11:15:56'),
(341,24,499,'Yahukimo','2025-05-23 11:15:56','2025-05-23 11:15:56'),
(342,24,500,'Yalimo','2025-05-23 11:15:56','2025-05-23 11:15:56'),
(343,25,124,'Fakfak','2025-05-23 11:15:58','2025-05-23 11:15:58'),
(344,25,165,'Kaimana','2025-05-23 11:15:58','2025-05-23 11:15:58'),
(345,25,272,'Manokwari','2025-05-23 11:15:58','2025-05-23 11:15:58'),
(346,25,273,'Manokwari Selatan','2025-05-23 11:15:58','2025-05-23 11:15:58'),
(347,25,277,'Maybrat','2025-05-23 11:15:58','2025-05-23 11:15:58'),
(348,25,346,'Pegunungan Arfak','2025-05-23 11:15:58','2025-05-23 11:15:58'),
(349,25,378,'Raja Ampat','2025-05-23 11:15:58','2025-05-23 11:15:58'),
(350,25,424,'Sorong','2025-05-23 11:15:58','2025-05-23 11:15:58'),
(351,25,425,'Sorong','2025-05-23 11:15:58','2025-05-23 11:15:58'),
(352,25,426,'Sorong Selatan','2025-05-23 11:15:58','2025-05-23 11:15:58'),
(353,25,449,'Tambrauw','2025-05-23 11:15:58','2025-05-23 11:15:58'),
(354,25,474,'Teluk Bintuni','2025-05-23 11:15:58','2025-05-23 11:15:58'),
(355,25,475,'Teluk Wondama','2025-05-23 11:15:58','2025-05-23 11:15:58'),
(356,26,60,'Bengkalis','2025-05-23 11:15:59','2025-05-23 11:15:59'),
(357,26,120,'Dumai','2025-05-23 11:15:59','2025-05-23 11:15:59'),
(358,26,147,'Indragiri Hilir','2025-05-23 11:15:59','2025-05-23 11:15:59'),
(359,26,148,'Indragiri Hulu','2025-05-23 11:15:59','2025-05-23 11:15:59'),
(360,26,166,'Kampar','2025-05-23 11:15:59','2025-05-23 11:15:59'),
(361,26,187,'Kepulauan Meranti','2025-05-23 11:15:59','2025-05-23 11:15:59'),
(362,26,207,'Kuantan Singingi','2025-05-23 11:15:59','2025-05-23 11:15:59'),
(363,26,350,'Pekanbaru','2025-05-23 11:15:59','2025-05-23 11:15:59'),
(364,26,351,'Pelalawan','2025-05-23 11:15:59','2025-05-23 11:15:59'),
(365,26,381,'Rokan Hilir','2025-05-23 11:15:59','2025-05-23 11:15:59'),
(366,26,382,'Rokan Hulu','2025-05-23 11:15:59','2025-05-23 11:15:59'),
(367,26,406,'Siak','2025-05-23 11:15:59','2025-05-23 11:15:59'),
(368,27,253,'Majene','2025-05-23 11:16:02','2025-05-23 11:16:02'),
(369,27,262,'Mamasa','2025-05-23 11:16:02','2025-05-23 11:16:02'),
(370,27,265,'Mamuju','2025-05-23 11:16:02','2025-05-23 11:16:02'),
(371,27,266,'Mamuju Utara','2025-05-23 11:16:02','2025-05-23 11:16:02'),
(372,27,362,'Polewali Mandar','2025-05-23 11:16:02','2025-05-23 11:16:02'),
(373,28,38,'Bantaeng','2025-05-23 11:16:04','2025-05-23 11:16:04'),
(374,28,47,'Barru','2025-05-23 11:16:04','2025-05-23 11:16:04'),
(375,28,87,'Bone','2025-05-23 11:16:04','2025-05-23 11:16:04'),
(376,28,95,'Bulukumba','2025-05-23 11:16:04','2025-05-23 11:16:04'),
(377,28,123,'Enrekang','2025-05-23 11:16:04','2025-05-23 11:16:04'),
(378,28,132,'Gowa','2025-05-23 11:16:04','2025-05-23 11:16:04'),
(379,28,162,'Jeneponto','2025-05-23 11:16:04','2025-05-23 11:16:04'),
(380,28,244,'Luwu','2025-05-23 11:16:04','2025-05-23 11:16:04'),
(381,28,245,'Luwu Timur','2025-05-23 11:16:04','2025-05-23 11:16:04'),
(382,28,246,'Luwu Utara','2025-05-23 11:16:04','2025-05-23 11:16:04'),
(383,28,254,'Makassar','2025-05-23 11:16:04','2025-05-23 11:16:04'),
(384,28,275,'Maros','2025-05-23 11:16:04','2025-05-23 11:16:04'),
(385,28,328,'Palopo','2025-05-23 11:16:04','2025-05-23 11:16:04'),
(386,28,333,'Pangkajene Kepulauan','2025-05-23 11:16:04','2025-05-23 11:16:04'),
(387,28,336,'Parepare','2025-05-23 11:16:04','2025-05-23 11:16:04'),
(388,28,360,'Pinrang','2025-05-23 11:16:04','2025-05-23 11:16:04'),
(389,28,396,'Selayar (Kepulauan Selayar)','2025-05-23 11:16:04','2025-05-23 11:16:04'),
(390,28,408,'Sidenreng Rappang/Rapang','2025-05-23 11:16:04','2025-05-23 11:16:04'),
(391,28,416,'Sinjai','2025-05-23 11:16:04','2025-05-23 11:16:04'),
(392,28,423,'Soppeng','2025-05-23 11:16:04','2025-05-23 11:16:04'),
(393,28,448,'Takalar','2025-05-23 11:16:04','2025-05-23 11:16:04'),
(394,28,451,'Tana Toraja','2025-05-23 11:16:04','2025-05-23 11:16:04'),
(395,28,486,'Toraja Utara','2025-05-23 11:16:04','2025-05-23 11:16:04'),
(396,28,493,'Wajo','2025-05-23 11:16:04','2025-05-23 11:16:04'),
(397,29,25,'Banggai','2025-05-23 11:16:05','2025-05-23 11:16:05'),
(398,29,26,'Banggai Kepulauan','2025-05-23 11:16:05','2025-05-23 11:16:05'),
(399,29,98,'Buol','2025-05-23 11:16:05','2025-05-23 11:16:05'),
(400,29,119,'Donggala','2025-05-23 11:16:05','2025-05-23 11:16:05'),
(401,29,291,'Morowali','2025-05-23 11:16:05','2025-05-23 11:16:05'),
(402,29,329,'Palu','2025-05-23 11:16:05','2025-05-23 11:16:05'),
(403,29,338,'Parigi Moutong','2025-05-23 11:16:05','2025-05-23 11:16:05'),
(404,29,366,'Poso','2025-05-23 11:16:05','2025-05-23 11:16:05'),
(405,29,410,'Sigi','2025-05-23 11:16:05','2025-05-23 11:16:05'),
(406,29,482,'Tojo Una-Una','2025-05-23 11:16:05','2025-05-23 11:16:05'),
(407,29,483,'Toli-Toli','2025-05-23 11:16:05','2025-05-23 11:16:05'),
(408,30,53,'Bau-Bau','2025-05-23 11:16:07','2025-05-23 11:16:07'),
(409,30,85,'Bombana','2025-05-23 11:16:07','2025-05-23 11:16:07'),
(410,30,101,'Buton','2025-05-23 11:16:07','2025-05-23 11:16:07'),
(411,30,102,'Buton Utara','2025-05-23 11:16:07','2025-05-23 11:16:07'),
(412,30,182,'Kendari','2025-05-23 11:16:07','2025-05-23 11:16:07'),
(413,30,198,'Kolaka','2025-05-23 11:16:07','2025-05-23 11:16:07'),
(414,30,199,'Kolaka Utara','2025-05-23 11:16:07','2025-05-23 11:16:07'),
(415,30,200,'Konawe','2025-05-23 11:16:07','2025-05-23 11:16:07'),
(416,30,201,'Konawe Selatan','2025-05-23 11:16:07','2025-05-23 11:16:07'),
(417,30,202,'Konawe Utara','2025-05-23 11:16:07','2025-05-23 11:16:07'),
(418,30,295,'Muna','2025-05-23 11:16:07','2025-05-23 11:16:07'),
(419,30,494,'Wakatobi','2025-05-23 11:16:07','2025-05-23 11:16:07'),
(420,31,73,'Bitung','2025-05-23 11:16:08','2025-05-23 11:16:08'),
(421,31,81,'Bolaang Mongondow (Bolmong)','2025-05-23 11:16:08','2025-05-23 11:16:08'),
(422,31,82,'Bolaang Mongondow Selatan','2025-05-23 11:16:08','2025-05-23 11:16:08'),
(423,31,83,'Bolaang Mongondow Timur','2025-05-23 11:16:08','2025-05-23 11:16:08'),
(424,31,84,'Bolaang Mongondow Utara','2025-05-23 11:16:08','2025-05-23 11:16:08'),
(425,31,188,'Kepulauan Sangihe','2025-05-23 11:16:08','2025-05-23 11:16:08'),
(426,31,190,'Kepulauan Siau Tagulandang Biaro (Sitaro)','2025-05-23 11:16:08','2025-05-23 11:16:08'),
(427,31,192,'Kepulauan Talaud','2025-05-23 11:16:09','2025-05-23 11:16:09'),
(428,31,204,'Kotamobagu','2025-05-23 11:16:09','2025-05-23 11:16:09'),
(429,31,267,'Manado','2025-05-23 11:16:09','2025-05-23 11:16:09'),
(430,31,285,'Minahasa','2025-05-23 11:16:09','2025-05-23 11:16:09'),
(431,31,286,'Minahasa Selatan','2025-05-23 11:16:09','2025-05-23 11:16:09'),
(432,31,287,'Minahasa Tenggara','2025-05-23 11:16:09','2025-05-23 11:16:09'),
(433,31,288,'Minahasa Utara','2025-05-23 11:16:09','2025-05-23 11:16:09'),
(434,31,485,'Tomohon','2025-05-23 11:16:09','2025-05-23 11:16:09'),
(435,32,12,'Agam','2025-05-23 11:16:10','2025-05-23 11:16:10'),
(436,32,93,'Bukittinggi','2025-05-23 11:16:10','2025-05-23 11:16:10'),
(437,32,116,'Dharmasraya','2025-05-23 11:16:10','2025-05-23 11:16:10'),
(438,32,186,'Kepulauan Mentawai','2025-05-23 11:16:10','2025-05-23 11:16:10'),
(439,32,236,'Lima Puluh Koto/Kota','2025-05-23 11:16:10','2025-05-23 11:16:10'),
(440,32,318,'Padang','2025-05-23 11:16:10','2025-05-23 11:16:10'),
(441,32,321,'Padang Panjang','2025-05-23 11:16:10','2025-05-23 11:16:10'),
(442,32,322,'Padang Pariaman','2025-05-23 11:16:10','2025-05-23 11:16:10'),
(443,32,337,'Pariaman','2025-05-23 11:16:10','2025-05-23 11:16:10'),
(444,32,339,'Pasaman','2025-05-23 11:16:10','2025-05-23 11:16:10'),
(445,32,340,'Pasaman Barat','2025-05-23 11:16:10','2025-05-23 11:16:10'),
(446,32,345,'Payakumbuh','2025-05-23 11:16:10','2025-05-23 11:16:10'),
(447,32,357,'Pesisir Selatan','2025-05-23 11:16:10','2025-05-23 11:16:10'),
(448,32,394,'Sawah Lunto','2025-05-23 11:16:10','2025-05-23 11:16:10'),
(449,32,411,'Sijunjung (Sawah Lunto Sijunjung)','2025-05-23 11:16:10','2025-05-23 11:16:10'),
(450,32,420,'Solok','2025-05-23 11:16:10','2025-05-23 11:16:10'),
(451,32,421,'Solok','2025-05-23 11:16:10','2025-05-23 11:16:10'),
(452,32,422,'Solok Selatan','2025-05-23 11:16:10','2025-05-23 11:16:10'),
(453,32,453,'Tanah Datar','2025-05-23 11:16:10','2025-05-23 11:16:10'),
(454,33,40,'Banyuasin','2025-05-23 11:16:12','2025-05-23 11:16:12'),
(455,33,121,'Empat Lawang','2025-05-23 11:16:12','2025-05-23 11:16:12'),
(456,33,220,'Lahat','2025-05-23 11:16:12','2025-05-23 11:16:12'),
(457,33,242,'Lubuk Linggau','2025-05-23 11:16:12','2025-05-23 11:16:12'),
(458,33,292,'Muara Enim','2025-05-23 11:16:12','2025-05-23 11:16:12'),
(459,33,297,'Musi Banyuasin','2025-05-23 11:16:12','2025-05-23 11:16:12'),
(460,33,298,'Musi Rawas','2025-05-23 11:16:12','2025-05-23 11:16:12'),
(461,33,312,'Ogan Ilir','2025-05-23 11:16:12','2025-05-23 11:16:12'),
(462,33,313,'Ogan Komering Ilir','2025-05-23 11:16:12','2025-05-23 11:16:12'),
(463,33,314,'Ogan Komering Ulu','2025-05-23 11:16:12','2025-05-23 11:16:12'),
(464,33,315,'Ogan Komering Ulu Selatan','2025-05-23 11:16:12','2025-05-23 11:16:12'),
(465,33,316,'Ogan Komering Ulu Timur','2025-05-23 11:16:12','2025-05-23 11:16:12'),
(466,33,324,'Pagar Alam','2025-05-23 11:16:12','2025-05-23 11:16:12'),
(467,33,327,'Palembang','2025-05-23 11:16:12','2025-05-23 11:16:12'),
(468,33,367,'Prabumulih','2025-05-23 11:16:12','2025-05-23 11:16:12'),
(469,34,15,'Asahan','2025-05-23 11:16:14','2025-05-23 11:16:14'),
(470,34,52,'Batu Bara','2025-05-23 11:16:14','2025-05-23 11:16:14'),
(471,34,70,'Binjai','2025-05-23 11:16:14','2025-05-23 11:16:14'),
(472,34,110,'Dairi','2025-05-23 11:16:14','2025-05-23 11:16:14'),
(473,34,112,'Deli Serdang','2025-05-23 11:16:14','2025-05-23 11:16:14'),
(474,34,137,'Gunungsitoli','2025-05-23 11:16:14','2025-05-23 11:16:14'),
(475,34,146,'Humbang Hasundutan','2025-05-23 11:16:14','2025-05-23 11:16:14'),
(476,34,173,'Karo','2025-05-23 11:16:14','2025-05-23 11:16:14'),
(477,34,217,'Labuhan Batu','2025-05-23 11:16:14','2025-05-23 11:16:14'),
(478,34,218,'Labuhan Batu Selatan','2025-05-23 11:16:14','2025-05-23 11:16:14'),
(479,34,219,'Labuhan Batu Utara','2025-05-23 11:16:14','2025-05-23 11:16:14'),
(480,34,229,'Langkat','2025-05-23 11:16:14','2025-05-23 11:16:14'),
(481,34,268,'Mandailing Natal','2025-05-23 11:16:14','2025-05-23 11:16:14'),
(482,34,278,'Medan','2025-05-23 11:16:14','2025-05-23 11:16:14'),
(483,34,307,'Nias','2025-05-23 11:16:14','2025-05-23 11:16:14'),
(484,34,308,'Nias Barat','2025-05-23 11:16:14','2025-05-23 11:16:14'),
(485,34,309,'Nias Selatan','2025-05-23 11:16:14','2025-05-23 11:16:14'),
(486,34,310,'Nias Utara','2025-05-23 11:16:14','2025-05-23 11:16:14'),
(487,34,319,'Padang Lawas','2025-05-23 11:16:14','2025-05-23 11:16:14'),
(488,34,320,'Padang Lawas Utara','2025-05-23 11:16:14','2025-05-23 11:16:14'),
(489,34,323,'Padang Sidempuan','2025-05-23 11:16:14','2025-05-23 11:16:14'),
(490,34,325,'Pakpak Bharat','2025-05-23 11:16:14','2025-05-23 11:16:14'),
(491,34,353,'Pematang Siantar','2025-05-23 11:16:14','2025-05-23 11:16:14'),
(492,34,389,'Samosir','2025-05-23 11:16:14','2025-05-23 11:16:14'),
(493,34,404,'Serdang Bedagai','2025-05-23 11:16:14','2025-05-23 11:16:14'),
(494,34,407,'Sibolga','2025-05-23 11:16:14','2025-05-23 11:16:14'),
(495,34,413,'Simalungun','2025-05-23 11:16:14','2025-05-23 11:16:14'),
(496,34,459,'Tanjung Balai','2025-05-23 11:16:14','2025-05-23 11:16:14'),
(497,34,463,'Tapanuli Selatan','2025-05-23 11:16:14','2025-05-23 11:16:14'),
(498,34,464,'Tapanuli Tengah','2025-05-23 11:16:14','2025-05-23 11:16:14'),
(499,34,465,'Tapanuli Utara','2025-05-23 11:16:14','2025-05-23 11:16:14'),
(500,34,470,'Tebing Tinggi','2025-05-23 11:16:14','2025-05-23 11:16:14'),
(501,34,481,'Toba Samosir','2025-05-23 11:16:14','2025-05-23 11:16:14');

/*Table structure for table `failed_jobs` */

DROP TABLE IF EXISTS `failed_jobs`;

CREATE TABLE `failed_jobs` (
  `id` bigint(20) unsigned NOT NULL AUTO_INCREMENT,
  `uuid` varchar(255) NOT NULL,
  `connection` text NOT NULL,
  `queue` text NOT NULL,
  `payload` longtext NOT NULL,
  `exception` longtext NOT NULL,
  `failed_at` timestamp NOT NULL DEFAULT current_timestamp(),
  PRIMARY KEY (`id`),
  UNIQUE KEY `failed_jobs_uuid_unique` (`uuid`)
) ENGINE=InnoDB DEFAULT CHARSET=utf8mb4 COLLATE=utf8mb4_unicode_ci;

/*Data for the table `failed_jobs` */

/*Table structure for table `inputorder` */

DROP TABLE IF EXISTS `inputorder`;

CREATE TABLE `inputorder` (
  `id` bigint(20) unsigned NOT NULL AUTO_INCREMENT,
  `nama_pengirim` varchar(255) NOT NULL,
  `alamat_pengirim` text NOT NULL,
  `no_telp_pengirim` varchar(255) NOT NULL,
  `nama_penerima` varchar(255) NOT NULL,
  `alamat_penerima` varchar(255) NOT NULL,
  `no_telp_penerima` varchar(255) NOT NULL,
  `jenis_barang` varchar(255) NOT NULL,
  `jenis_layanan` varchar(255) NOT NULL,
  `berat_barang` int(11) NOT NULL,
  `waktu` datetime DEFAULT NULL,
  `status` enum('menunggu','dalam proses','dikirim','selesai') NOT NULL DEFAULT 'dikirim',
  `no_resi` varchar(50) NOT NULL,
  `ekspedisi` varchar(255) NOT NULL,
  `riwayat` text DEFAULT NULL,
  `biaya` int(11) DEFAULT NULL,
  `nilai` int(11) DEFAULT NULL,
  `ulasan` text DEFAULT NULL,
  `asal_provinsi_id` bigint(20) unsigned NOT NULL,
  `asal_kota_id` bigint(20) unsigned NOT NULL,
  `tujuan_provinsi_id` bigint(20) unsigned NOT NULL,
  `tujuan_kota_id` bigint(20) unsigned NOT NULL,
  `tanggal_order` datetime DEFAULT NULL,
  `tanggal_dikemas` datetime DEFAULT NULL,
  `tanggal_dikirim` datetime DEFAULT NULL,
  `tanggal_penerimaan` datetime DEFAULT NULL,
  `keterangan_status` text DEFAULT NULL,
  `created_at` timestamp NULL DEFAULT NULL,
  `updated_at` timestamp NULL DEFAULT NULL,
  PRIMARY KEY (`id`),
  KEY `inputorder_asal_provinsi_id_foreign` (`asal_provinsi_id`),
  KEY `inputorder_asal_kota_id_foreign` (`asal_kota_id`),
  KEY `inputorder_tujuan_provinsi_id_foreign` (`tujuan_provinsi_id`),
  KEY `inputorder_tujuan_kota_id_foreign` (`tujuan_kota_id`),
  CONSTRAINT `inputorder_asal_kota_id_foreign` FOREIGN KEY (`asal_kota_id`) REFERENCES `cities` (`id`),
  CONSTRAINT `inputorder_asal_provinsi_id_foreign` FOREIGN KEY (`asal_provinsi_id`) REFERENCES `provinces` (`id`),
  CONSTRAINT `inputorder_tujuan_kota_id_foreign` FOREIGN KEY (`tujuan_kota_id`) REFERENCES `cities` (`id`),
  CONSTRAINT `inputorder_tujuan_provinsi_id_foreign` FOREIGN KEY (`tujuan_provinsi_id`) REFERENCES `provinces` (`id`)
) ENGINE=InnoDB AUTO_INCREMENT=15 DEFAULT CHARSET=utf8mb4 COLLATE=utf8mb4_unicode_ci;

/*Data for the table `inputorder` */

insert  into `inputorder`(`id`,`nama_pengirim`,`alamat_pengirim`,`no_telp_pengirim`,`nama_penerima`,`alamat_penerima`,`no_telp_penerima`,`jenis_barang`,`jenis_layanan`,`berat_barang`,`waktu`,`status`,`no_resi`,`ekspedisi`,`riwayat`,`biaya`,`nilai`,`ulasan`,`asal_provinsi_id`,`asal_kota_id`,`tujuan_provinsi_id`,`tujuan_kota_id`,`tanggal_order`,`tanggal_dikemas`,`tanggal_dikirim`,`tanggal_penerimaan`,`keterangan_status`,`created_at`,`updated_at`) values 
(6,'undefined','sawo','dfgvdxf','tia','bringin','08457899765','sembako','T25',4,'2025-06-02 08:38:38','dikirim','RESI-1748828318-8767','tiki','gatau',NULL,NULL,NULL,10,41,11,444,'2025-06-02 08:44:15',NULL,NULL,NULL,'menunggu (02-06-2025 10:03:42)',NULL,NULL),
(14,'ica','sawo','9086456789','ica','sawo','123123213','document','JTR',1,'2025-06-10 11:24:34','dalam proses','RESI-1749529474-4002','jne',NULL,NULL,NULL,NULL,2,27,11,243,NULL,NULL,NULL,NULL,NULL,NULL,NULL);

/*Table structure for table `kota` */

DROP TABLE IF EXISTS `kota`;

CREATE TABLE `kota` (
  `id` bigint(20) unsigned NOT NULL AUTO_INCREMENT,
  `nama` varchar(255) NOT NULL,
  `provinsi` varchar(255) NOT NULL,
  `kode_pos` varchar(255) DEFAULT NULL,
  `created_at` timestamp NULL DEFAULT NULL,
  `updated_at` timestamp NULL DEFAULT NULL,
  PRIMARY KEY (`id`)
) ENGINE=InnoDB DEFAULT CHARSET=utf8mb4 COLLATE=utf8mb4_unicode_ci;

/*Data for the table `kota` */

/*Table structure for table `kurir` */

DROP TABLE IF EXISTS `kurir`;

CREATE TABLE `kurir` (
  `id` bigint(20) unsigned NOT NULL AUTO_INCREMENT,
  `user_id` bigint(20) unsigned NOT NULL,
  `jenis_kendaraan` varchar(255) DEFAULT NULL,
  `penilaian` text DEFAULT NULL,
  `alamat` text DEFAULT NULL,
  `status` enum('aktif','nonaktif') NOT NULL DEFAULT 'nonaktif',
  `created_at` timestamp NULL DEFAULT NULL,
  `updated_at` timestamp NULL DEFAULT NULL,
  PRIMARY KEY (`id`),
  KEY `kurir_user_id_foreign` (`user_id`),
  CONSTRAINT `kurir_user_id_foreign` FOREIGN KEY (`user_id`) REFERENCES `users` (`id`) ON DELETE CASCADE
) ENGINE=InnoDB AUTO_INCREMENT=2 DEFAULT CHARSET=utf8mb4 COLLATE=utf8mb4_unicode_ci;

/*Data for the table `kurir` */

insert  into `kurir`(`id`,`user_id`,`jenis_kendaraan`,`penilaian`,`alamat`,`status`,`created_at`,`updated_at`) values 
(1,3,'motor',NULL,'sawo','aktif','2025-05-23 11:32:47','2025-05-27 13:22:14');

/*Table structure for table `migrations` */

DROP TABLE IF EXISTS `migrations`;

CREATE TABLE `migrations` (
  `id` int(10) unsigned NOT NULL AUTO_INCREMENT,
  `migration` varchar(255) NOT NULL,
  `batch` int(11) NOT NULL,
  PRIMARY KEY (`id`)
) ENGINE=InnoDB AUTO_INCREMENT=22 DEFAULT CHARSET=utf8mb4 COLLATE=utf8mb4_unicode_ci;

/*Data for the table `migrations` */

insert  into `migrations`(`id`,`migration`,`batch`) values 
(1,'2014_10_12_000000_create_users_table',1),
(2,'2014_10_12_100000_create_password_reset_tokens_table',1),
(3,'2019_08_19_000000_create_failed_jobs_table',1),
(4,'2019_12_14_000001_create_personal_access_tokens_table',1),
(5,'2023_12_12_072543_create_permission_tables',1),
(6,'2023_12_31_064553_create_settings_table',1),
(7,'2025_03_26_042049_create_kurir_table',1),
(8,'2025_03_27_063149_create_pelanggan_table',1),
(9,'2025_04_09_044012_create_pesanan_table',1),
(10,'2025_04_10_012236_create_pengiriman_table',1),
(11,'2025_04_15_033242_create_tracking_table',1),
(12,'2025_04_21_033826_create_order_table',1),
(13,'2025_04_21_083555_create_transaksi_table',1),
(14,'2025_04_22_024145_create_inputorder_table',1),
(15,'2025_05_15_110344_create_kota_table',1),
(16,'2025_05_19_092514_change_no_resi_to_string_in_input',1),
(17,'2025_05_19_101451_create_provinces_table',1),
(18,'2025_05_19_101503_create_cities_table',1),
(19,'2025_05_22_112748_create_riwayat_table',1),
(20,'2025_05_23_092801_add_multiple_columns_to_inputorder_table',1),
(21,'2025_05_23_153507_add_multiple_columns_to_inputorder_table',2);

/*Table structure for table `model_has_permissions` */

DROP TABLE IF EXISTS `model_has_permissions`;

CREATE TABLE `model_has_permissions` (
  `permission_id` bigint(20) unsigned NOT NULL,
  `model_type` varchar(255) NOT NULL,
  `model_id` char(36) NOT NULL,
  PRIMARY KEY (`permission_id`,`model_id`,`model_type`),
  KEY `model_has_permissions_model_id_model_type_index` (`model_id`,`model_type`),
  CONSTRAINT `model_has_permissions_permission_id_foreign` FOREIGN KEY (`permission_id`) REFERENCES `permissions` (`id`) ON DELETE CASCADE
) ENGINE=InnoDB DEFAULT CHARSET=utf8mb4 COLLATE=utf8mb4_unicode_ci;

/*Data for the table `model_has_permissions` */

/*Table structure for table `model_has_roles` */

DROP TABLE IF EXISTS `model_has_roles`;

CREATE TABLE `model_has_roles` (
  `role_id` bigint(20) unsigned NOT NULL,
  `model_type` varchar(255) NOT NULL,
  `model_id` char(36) NOT NULL,
  PRIMARY KEY (`role_id`,`model_id`,`model_type`),
  KEY `model_has_roles_model_id_model_type_index` (`model_id`,`model_type`),
  CONSTRAINT `model_has_roles_role_id_foreign` FOREIGN KEY (`role_id`) REFERENCES `roles` (`id`) ON DELETE CASCADE
) ENGINE=InnoDB DEFAULT CHARSET=utf8mb4 COLLATE=utf8mb4_unicode_ci;

/*Data for the table `model_has_roles` */

insert  into `model_has_roles`(`role_id`,`model_type`,`model_id`) values 
(1,'App\\Models\\User','1'),
(2,'App\\Models\\User','3'),
(3,'App\\Models\\User','4'),
(4,'App\\Models\\User','2');

/*Table structure for table `order` */

DROP TABLE IF EXISTS `order`;

CREATE TABLE `order` (
  `id` bigint(20) unsigned NOT NULL AUTO_INCREMENT,
  `nama_pelanggan` varchar(255) NOT NULL,
  `nama_toko` varchar(255) NOT NULL,
  `produk` varchar(255) NOT NULL,
  `total_harga` varchar(255) NOT NULL,
  `pengirim` varchar(255) NOT NULL,
  `penerima` varchar(255) NOT NULL,
  `alamat` varchar(255) NOT NULL,
  `status` enum('dikirim','selesai','dalam proses','dibatalkan') NOT NULL DEFAULT 'dikirim',
  `created_at` timestamp NULL DEFAULT NULL,
  `updated_at` timestamp NULL DEFAULT NULL,
  PRIMARY KEY (`id`)
) ENGINE=InnoDB DEFAULT CHARSET=utf8mb4 COLLATE=utf8mb4_unicode_ci;

/*Data for the table `order` */

/*Table structure for table `password_reset_tokens` */

DROP TABLE IF EXISTS `password_reset_tokens`;

CREATE TABLE `password_reset_tokens` (
  `email` varchar(255) NOT NULL,
  `token` varchar(255) NOT NULL,
  `created_at` timestamp NULL DEFAULT NULL,
  PRIMARY KEY (`email`)
) ENGINE=InnoDB DEFAULT CHARSET=utf8mb4 COLLATE=utf8mb4_unicode_ci;

/*Data for the table `password_reset_tokens` */

/*Table structure for table `pelanggan` */

DROP TABLE IF EXISTS `pelanggan`;

CREATE TABLE `pelanggan` (
  `id` bigint(20) unsigned NOT NULL AUTO_INCREMENT,
  `user_id` bigint(20) unsigned NOT NULL,
  `alamat` varchar(255) DEFAULT NULL,
  `keluhan` text DEFAULT NULL,
  `created_at` timestamp NULL DEFAULT NULL,
  `updated_at` timestamp NULL DEFAULT NULL,
  PRIMARY KEY (`id`),
  KEY `pelanggan_user_id_foreign` (`user_id`),
  CONSTRAINT `pelanggan_user_id_foreign` FOREIGN KEY (`user_id`) REFERENCES `users` (`id`) ON DELETE CASCADE
) ENGINE=InnoDB AUTO_INCREMENT=2 DEFAULT CHARSET=utf8mb4 COLLATE=utf8mb4_unicode_ci;

/*Data for the table `pelanggan` */

insert  into `pelanggan`(`id`,`user_id`,`alamat`,`keluhan`,`created_at`,`updated_at`) values 
(1,4,NULL,NULL,'2025-05-23 11:33:29','2025-05-23 11:33:29');

/*Table structure for table `pengiriman` */

DROP TABLE IF EXISTS `pengiriman`;

CREATE TABLE `pengiriman` (
  `id` bigint(20) unsigned NOT NULL AUTO_INCREMENT,
  `kode_resi` varchar(255) NOT NULL,
  `id_pengirim` bigint(20) unsigned NOT NULL,
  `id_kurir` bigint(20) unsigned NOT NULL,
  `alamat_asal` varchar(255) NOT NULL,
  `alamat_tujuan` varchar(255) NOT NULL,
  `kapasitas` double(8,2) NOT NULL DEFAULT 0.00,
  `status_pengiriman` enum('dijadwalkan','dalam_perjalanan','terkirim') NOT NULL DEFAULT 'dijadwalkan',
  `tanggal_kirim` date NOT NULL,
  `tanggal_terima` date NOT NULL,
  `created_at` timestamp NULL DEFAULT NULL,
  `updated_at` timestamp NULL DEFAULT NULL,
  PRIMARY KEY (`id`)
) ENGINE=InnoDB DEFAULT CHARSET=utf8mb4 COLLATE=utf8mb4_unicode_ci;

/*Data for the table `pengiriman` */

/*Table structure for table `permissions` */

DROP TABLE IF EXISTS `permissions`;

CREATE TABLE `permissions` (
  `id` bigint(20) unsigned NOT NULL AUTO_INCREMENT,
  `name` varchar(255) NOT NULL,
  `guard_name` varchar(255) NOT NULL,
  `created_at` timestamp NULL DEFAULT NULL,
  `updated_at` timestamp NULL DEFAULT NULL,
  PRIMARY KEY (`id`),
  UNIQUE KEY `permissions_name_guard_name_unique` (`name`,`guard_name`)
) ENGINE=InnoDB AUTO_INCREMENT=21 DEFAULT CHARSET=utf8mb4 COLLATE=utf8mb4_unicode_ci;

/*Data for the table `permissions` */

insert  into `permissions`(`id`,`name`,`guard_name`,`created_at`,`updated_at`) values 
(1,'dashboard','api','2025-05-23 11:15:17','2025-05-23 11:15:17'),
(2,'master','api','2025-05-23 11:15:17','2025-05-23 11:15:17'),
(3,'master-user','api','2025-05-23 11:15:17','2025-05-23 11:15:17'),
(4,'master-role','api','2025-05-23 11:15:17','2025-05-23 11:15:17'),
(5,'website','api','2025-05-23 11:15:17','2025-05-23 11:15:17'),
(6,'setting','api','2025-05-23 11:15:17','2025-05-23 11:15:17'),
(7,'kurir','api','2025-05-23 11:15:17','2025-05-23 11:15:17'),
(8,'pesanan','api','2025-05-23 11:15:17','2025-05-23 11:15:17'),
(9,'pelanggan','api','2025-05-23 11:15:18','2025-05-23 11:15:18'),
(10,'transaksi','api','2025-05-23 11:15:18','2025-05-23 11:15:18'),
(11,'akun','api','2025-05-23 11:15:18','2025-05-23 11:15:18'),
(12,'orderan','api','2025-05-23 11:15:18','2025-05-23 11:15:18'),
(13,'order','api','2025-05-23 11:15:18','2025-05-23 11:15:18'),
(14,'input','api','2025-05-23 11:15:18','2025-05-23 11:15:18'),
(15,'data','api','2025-05-23 11:15:18','2025-05-23 11:15:18'),
(16,'ordered','api','2025-05-23 11:15:18','2025-05-23 11:15:18'),
(17,'riwayat','api','2025-05-23 11:15:18','2025-05-23 11:15:18'),
(18,'riwayatt','api','2025-05-23 11:15:18','2025-05-23 11:15:18'),
(19,'cekresi','api',NULL,NULL),
(20,'d_pengguna','api',NULL,NULL);

/*Table structure for table `personal_access_tokens` */

DROP TABLE IF EXISTS `personal_access_tokens`;

CREATE TABLE `personal_access_tokens` (
  `id` bigint(20) unsigned NOT NULL AUTO_INCREMENT,
  `tokenable_type` varchar(255) NOT NULL,
  `tokenable_id` bigint(20) unsigned NOT NULL,
  `name` varchar(255) NOT NULL,
  `token` varchar(64) NOT NULL,
  `abilities` text DEFAULT NULL,
  `last_used_at` timestamp NULL DEFAULT NULL,
  `expires_at` timestamp NULL DEFAULT NULL,
  `created_at` timestamp NULL DEFAULT NULL,
  `updated_at` timestamp NULL DEFAULT NULL,
  PRIMARY KEY (`id`),
  UNIQUE KEY `personal_access_tokens_token_unique` (`token`),
  KEY `personal_access_tokens_tokenable_type_tokenable_id_index` (`tokenable_type`,`tokenable_id`)
) ENGINE=InnoDB DEFAULT CHARSET=utf8mb4 COLLATE=utf8mb4_unicode_ci;

/*Data for the table `personal_access_tokens` */

/*Table structure for table `pesanan` */

DROP TABLE IF EXISTS `pesanan`;

CREATE TABLE `pesanan` (
  `id` bigint(20) unsigned NOT NULL AUTO_INCREMENT,
  `uuid` char(36) NOT NULL,
  `nama_pelanggan` varchar(255) NOT NULL,
  `produk` text NOT NULL,
  `total_harga` decimal(10,2) NOT NULL,
  `tanggal_pesan` date NOT NULL DEFAULT '2025-05-23',
  `pengirim` varchar(255) NOT NULL,
  `penerima` varchar(255) NOT NULL,
  `alamat_pengiriman` varchar(255) NOT NULL,
  `status` enum('Dikemas','Dikirim','Selesai','Dibatalkan') NOT NULL DEFAULT 'Dikirim',
  `created_at` timestamp NULL DEFAULT NULL,
  `updated_at` timestamp NULL DEFAULT NULL,
  PRIMARY KEY (`id`),
  UNIQUE KEY `pesanan_uuid_unique` (`uuid`)
) ENGINE=InnoDB DEFAULT CHARSET=utf8mb4 COLLATE=utf8mb4_unicode_ci;

/*Data for the table `pesanan` */

/*Table structure for table `provinces` */

DROP TABLE IF EXISTS `provinces`;

CREATE TABLE `provinces` (
  `id` bigint(20) unsigned NOT NULL AUTO_INCREMENT,
  `province_id` int(10) unsigned NOT NULL,
  `name` varchar(255) NOT NULL,
  `created_at` timestamp NULL DEFAULT NULL,
  `updated_at` timestamp NULL DEFAULT NULL,
  PRIMARY KEY (`id`)
) ENGINE=InnoDB AUTO_INCREMENT=35 DEFAULT CHARSET=utf8mb4 COLLATE=utf8mb4_unicode_ci;

/*Data for the table `provinces` */

insert  into `provinces`(`id`,`province_id`,`name`,`created_at`,`updated_at`) values 
(1,1,'Bali','2025-05-23 11:15:20','2025-05-23 11:15:20'),
(2,2,'Bangka Belitung','2025-05-23 11:15:21','2025-05-23 11:15:21'),
(3,3,'Banten','2025-05-23 11:15:23','2025-05-23 11:15:23'),
(4,4,'Bengkulu','2025-05-23 11:15:24','2025-05-23 11:15:24'),
(5,5,'DI Yogyakarta','2025-05-23 11:15:25','2025-05-23 11:15:25'),
(6,6,'DKI Jakarta','2025-05-23 11:15:27','2025-05-23 11:15:27'),
(7,7,'Gorontalo','2025-05-23 11:15:29','2025-05-23 11:15:29'),
(8,8,'Jambi','2025-05-23 11:15:30','2025-05-23 11:15:30'),
(9,9,'Jawa Barat','2025-05-23 11:15:32','2025-05-23 11:15:32'),
(10,10,'Jawa Tengah','2025-05-23 11:15:33','2025-05-23 11:15:33'),
(11,11,'Jawa Timur','2025-05-23 11:15:35','2025-05-23 11:15:35'),
(12,12,'Kalimantan Barat','2025-05-23 11:15:37','2025-05-23 11:15:37'),
(13,13,'Kalimantan Selatan','2025-05-23 11:15:38','2025-05-23 11:15:38'),
(14,14,'Kalimantan Tengah','2025-05-23 11:15:40','2025-05-23 11:15:40'),
(15,15,'Kalimantan Timur','2025-05-23 11:15:41','2025-05-23 11:15:41'),
(16,16,'Kalimantan Utara','2025-05-23 11:15:43','2025-05-23 11:15:43'),
(17,17,'Kepulauan Riau','2025-05-23 11:15:44','2025-05-23 11:15:44'),
(18,18,'Lampung','2025-05-23 11:15:46','2025-05-23 11:15:46'),
(19,19,'Maluku','2025-05-23 11:15:47','2025-05-23 11:15:47'),
(20,20,'Maluku Utara','2025-05-23 11:15:49','2025-05-23 11:15:49'),
(21,21,'Nanggroe Aceh Darussalam (NAD)','2025-05-23 11:15:50','2025-05-23 11:15:50'),
(22,22,'Nusa Tenggara Barat (NTB)','2025-05-23 11:15:52','2025-05-23 11:15:52'),
(23,23,'Nusa Tenggara Timur (NTT)','2025-05-23 11:15:53','2025-05-23 11:15:53'),
(24,24,'Papua','2025-05-23 11:15:55','2025-05-23 11:15:55'),
(25,25,'Papua Barat','2025-05-23 11:15:56','2025-05-23 11:15:56'),
(26,26,'Riau','2025-05-23 11:15:58','2025-05-23 11:15:58'),
(27,27,'Sulawesi Barat','2025-05-23 11:15:59','2025-05-23 11:15:59'),
(28,28,'Sulawesi Selatan','2025-05-23 11:16:02','2025-05-23 11:16:02'),
(29,29,'Sulawesi Tengah','2025-05-23 11:16:04','2025-05-23 11:16:04'),
(30,30,'Sulawesi Tenggara','2025-05-23 11:16:05','2025-05-23 11:16:05'),
(31,31,'Sulawesi Utara','2025-05-23 11:16:07','2025-05-23 11:16:07'),
(32,32,'Sumatera Barat','2025-05-23 11:16:09','2025-05-23 11:16:09'),
(33,33,'Sumatera Selatan','2025-05-23 11:16:10','2025-05-23 11:16:10'),
(34,34,'Sumatera Utara','2025-05-23 11:16:12','2025-05-23 11:16:12');

/*Table structure for table `riwayat` */

DROP TABLE IF EXISTS `riwayat`;

CREATE TABLE `riwayat` (
  `id_riwayat` bigint(20) unsigned NOT NULL AUTO_INCREMENT,
  `id` bigint(20) unsigned NOT NULL,
  `deskripsi` text NOT NULL,
  `created_at` timestamp NULL DEFAULT NULL,
  `updated_at` timestamp NULL DEFAULT NULL,
  PRIMARY KEY (`id_riwayat`),
  KEY `riwayat_ibfk_1` (`id`),
  CONSTRAINT `riwayat_ibfk_1` FOREIGN KEY (`id`) REFERENCES `inputorder` (`id`) ON DELETE CASCADE ON UPDATE CASCADE
) ENGINE=InnoDB AUTO_INCREMENT=15 DEFAULT CHARSET=utf8mb4 COLLATE=utf8mb4_unicode_ci;

/*Data for the table `riwayat` */

insert  into `riwayat`(`id_riwayat`,`id`,`deskripsi`,`created_at`,`updated_at`) values 
(2,6,'gatau','2025-06-02 10:27:27','2025-06-02 10:27:27'),
(3,6,'gataumm','2025-06-02 10:27:57','2025-06-02 10:27:57'),
(4,6,'gatau','2025-06-02 10:30:50','2025-06-02 10:30:50'),
(5,6,'[Sen, 02 Jun 2025, 13.24.21] menuju gudang','2025-06-02 13:24:22','2025-06-02 13:24:22'),
(6,6,'gatau','2025-06-04 10:27:16','2025-06-04 10:27:16'),
(7,6,'Sampai di Gudang','2025-06-04 10:28:02','2025-06-04 10:28:02'),
(9,6,'gatau','2025-06-05 14:39:06','2025-06-05 14:39:06'),
(10,6,'sedang perjalanan','2025-06-05 14:54:05','2025-06-05 14:54:05'),
(11,6,'sedang perjalanan','2025-06-05 14:55:12','2025-06-05 14:55:12'),
(12,6,'menuju alamat','2025-06-10 08:14:01','2025-06-10 08:14:01'),
(13,6,'sedang diproses','2025-06-10 09:08:48','2025-06-10 09:08:48'),
(14,14,'sedang diproses','2025-06-10 13:56:43','2025-06-10 13:56:43');

/*Table structure for table `role_has_permissions` */

DROP TABLE IF EXISTS `role_has_permissions`;

CREATE TABLE `role_has_permissions` (
  `permission_id` bigint(20) unsigned NOT NULL,
  `role_id` bigint(20) unsigned NOT NULL,
  PRIMARY KEY (`permission_id`,`role_id`),
  KEY `role_has_permissions_role_id_foreign` (`role_id`),
  CONSTRAINT `role_has_permissions_permission_id_foreign` FOREIGN KEY (`permission_id`) REFERENCES `permissions` (`id`) ON DELETE CASCADE,
  CONSTRAINT `role_has_permissions_role_id_foreign` FOREIGN KEY (`role_id`) REFERENCES `roles` (`id`) ON DELETE CASCADE
) ENGINE=InnoDB DEFAULT CHARSET=utf8mb4 COLLATE=utf8mb4_unicode_ci;

/*Data for the table `role_has_permissions` */

insert  into `role_has_permissions`(`permission_id`,`role_id`) values 
(1,1),
(1,2),
(1,3),
(1,4),
(2,1),
(3,1),
(4,1),
(5,1),
(6,1),
(7,1),
(7,2),
(8,1),
(9,1),
(10,1),
(10,2),
(10,3),
(11,1),
(12,1),
(13,1),
(13,2),
(13,3),
(13,4),
(14,1),
(14,4),
(15,1),
(15,2),
(15,4),
(16,1),
(16,2),
(16,3),
(17,1),
(17,2),
(18,1),
(18,3),
(19,1),
(20,1);

/*Table structure for table `roles` */

DROP TABLE IF EXISTS `roles`;

CREATE TABLE `roles` (
  `id` bigint(20) unsigned NOT NULL AUTO_INCREMENT,
  `name` varchar(255) NOT NULL,
  `full_name` varchar(255) NOT NULL,
  `guard_name` varchar(255) NOT NULL,
  `created_at` timestamp NULL DEFAULT NULL,
  `updated_at` timestamp NULL DEFAULT NULL,
  PRIMARY KEY (`id`),
  UNIQUE KEY `roles_name_guard_name_unique` (`name`,`guard_name`)
) ENGINE=InnoDB AUTO_INCREMENT=5 DEFAULT CHARSET=utf8mb4 COLLATE=utf8mb4_unicode_ci;

/*Data for the table `roles` */

insert  into `roles`(`id`,`name`,`full_name`,`guard_name`,`created_at`,`updated_at`) values 
(1,'admin','Administrator','api','2025-05-23 11:15:17','2025-05-23 11:15:17'),
(2,'kurir','Kurir','api','2025-05-23 11:15:17','2025-05-23 11:15:17'),
(3,'pelanggan','Pelanggan','api','2025-05-23 11:15:17','2025-05-23 11:15:17'),
(4,'agen','Agen','api','2025-05-23 11:15:17','2025-05-27 13:16:34');

/*Table structure for table `settings` */

DROP TABLE IF EXISTS `settings`;

CREATE TABLE `settings` (
  `id` bigint(20) unsigned NOT NULL AUTO_INCREMENT,
  `uuid` char(36) NOT NULL,
  `app` varchar(255) NOT NULL,
  `description` text NOT NULL,
  `logo` varchar(255) NOT NULL,
  `banner` varchar(255) NOT NULL,
  `bg_auth` varchar(255) NOT NULL,
  `dinas` varchar(255) NOT NULL,
  `pemerintah` varchar(255) NOT NULL,
  `alamat` varchar(255) NOT NULL,
  `telepon` varchar(255) NOT NULL,
  `email` varchar(255) NOT NULL,
  `created_at` timestamp NULL DEFAULT NULL,
  `updated_at` timestamp NULL DEFAULT NULL,
  PRIMARY KEY (`id`),
  UNIQUE KEY `settings_uuid_unique` (`uuid`)
) ENGINE=InnoDB AUTO_INCREMENT=2 DEFAULT CHARSET=utf8mb4 COLLATE=utf8mb4_unicode_ci;

/*Data for the table `settings` */

insert  into `settings`(`id`,`uuid`,`app`,`description`,`logo`,`banner`,`bg_auth`,`dinas`,`pemerintah`,`alamat`,`telepon`,`email`,`created_at`,`updated_at`) values 
(1,'632be112-dc0a-4857-bf8b-22749ca11ae1','e-SAKIP DLH','Aplikasi e-SAKIP Dinas Lingkungan Hidup','/storage/setting/KZddSR0hZXCkN8MimFgo6NC2IoJcoQplp918QDD2.jpg','/media/misc/banner.jpg','/storage/setting/euEG86780n6BLZMuey2JH7PreGaqhGfdARf0e1rq.jpg','Dinas Lingkungan Hidup','Pemerintah Provinsi Jawa Timur','bringin','098767','sarah@gmail.com','2025-05-23 11:15:18','2025-05-23 11:34:41');

/*Table structure for table `tracking` */

DROP TABLE IF EXISTS `tracking`;

CREATE TABLE `tracking` (
  `id` bigint(20) unsigned NOT NULL AUTO_INCREMENT,
  `status` varchar(255) NOT NULL,
  `location` varchar(255) NOT NULL,
  `timestamp` timestamp NOT NULL DEFAULT current_timestamp() ON UPDATE current_timestamp(),
  `created_at` timestamp NULL DEFAULT NULL,
  `updated_at` timestamp NULL DEFAULT NULL,
  PRIMARY KEY (`id`)
) ENGINE=InnoDB DEFAULT CHARSET=utf8mb4 COLLATE=utf8mb4_unicode_ci;

/*Data for the table `tracking` */

/*Table structure for table `transaksi` */

DROP TABLE IF EXISTS `transaksi`;

CREATE TABLE `transaksi` (
  `id` bigint(20) unsigned NOT NULL AUTO_INCREMENT,
  `nama_barang` varchar(255) NOT NULL,
  `alamat_asal` varchar(255) NOT NULL,
  `alamat_tujuan` varchar(255) NOT NULL,
  `pengirim` varchar(255) NOT NULL,
  `penerima` varchar(255) NOT NULL,
  `kurir` varchar(255) NOT NULL,
  `penilaian` varchar(255) NOT NULL,
  `created_at` timestamp NULL DEFAULT NULL,
  `updated_at` timestamp NULL DEFAULT NULL,
  PRIMARY KEY (`id`)
) ENGINE=InnoDB DEFAULT CHARSET=utf8mb4 COLLATE=utf8mb4_unicode_ci;

/*Data for the table `transaksi` */

/*Table structure for table `users` */

DROP TABLE IF EXISTS `users`;

CREATE TABLE `users` (
  `id` bigint(20) unsigned NOT NULL AUTO_INCREMENT,
  `uuid` char(36) NOT NULL,
  `name` varchar(255) NOT NULL,
  `email` varchar(255) NOT NULL,
  `phone` varchar(255) NOT NULL,
  `photo` varchar(255) DEFAULT NULL,
  `password` varchar(255) NOT NULL,
  `remember_token` varchar(100) DEFAULT NULL,
  `created_at` timestamp NULL DEFAULT NULL,
  `updated_at` timestamp NULL DEFAULT NULL,
  PRIMARY KEY (`id`),
  UNIQUE KEY `users_uuid_unique` (`uuid`),
  UNIQUE KEY `users_email_unique` (`email`),
  UNIQUE KEY `users_phone_unique` (`phone`)
) ENGINE=InnoDB AUTO_INCREMENT=5 DEFAULT CHARSET=utf8mb4 COLLATE=utf8mb4_unicode_ci;

/*Data for the table `users` */

insert  into `users`(`id`,`uuid`,`name`,`email`,`phone`,`photo`,`password`,`remember_token`,`created_at`,`updated_at`) values 
(1,'d940f2c9-2c35-4c11-9480-63d673a52cc4','Admin','admin@gmail.com','08123456789',NULL,'$2y$12$TChfLs5.NwaTUqMeRTraQeCJkSUjOfR9nDgnD7Kek/V1fvPbUNYGW',NULL,'2025-05-23 11:15:18','2025-05-23 11:15:18'),
(2,'d9383a76-9448-457e-a52f-ae1f2ea055da','gudang','gudang@gmail.com','098765456',NULL,'$2y$12$kzDcNHRAs0O9OmbTlJCFtu6fZfS6lhATzm4fdh7iRhPPZ086DJj9O',NULL,'2025-05-23 11:32:08','2025-05-23 11:32:09'),
(3,'28a3cd97-33db-46cf-a8e9-b4c3150959a3','kurir','kurir@gmail.com','098765434567','photo/qmRmiVRL3FQk2neO95kOv5F8RkqbecEZe3jaT4Pj.jpg','$2y$12$rXd9GVPXyz1rFHLXhV1Md.xzsVGHzav7W5IJogb4B6wQTkBvL26fS',NULL,'2025-05-23 11:32:46','2025-05-27 13:22:14'),
(4,'e8c31280-86c8-49c5-b2d3-3c95f58a370e','pelanggan','pelanggan@gmail.com','09643456',NULL,'$2y$12$hSfth38bYdRXh/ZLsDbrOu2DwyLD7GKSBUlJZWoSKWTbiDJZVr14W',NULL,'2025-05-23 11:33:28','2025-05-23 11:33:29');

/*!40101 SET SQL_MODE=@OLD_SQL_MODE */;
/*!40014 SET FOREIGN_KEY_CHECKS=@OLD_FOREIGN_KEY_CHECKS */;
/*!40014 SET UNIQUE_CHECKS=@OLD_UNIQUE_CHECKS */;
/*!40111 SET SQL_NOTES=@OLD_SQL_NOTES */;
