/*
SQLyog Ultimate v13.1.1 (64 bit)
MySQL - 8.0.30 : Database - laravel_kurir
*********************************************************************
*/

/*!40101 SET NAMES utf8 */;

/*!40101 SET SQL_MODE=''*/;

/*!40014 SET @OLD_UNIQUE_CHECKS=@@UNIQUE_CHECKS, UNIQUE_CHECKS=0 */;
/*!40014 SET @OLD_FOREIGN_KEY_CHECKS=@@FOREIGN_KEY_CHECKS, FOREIGN_KEY_CHECKS=0 */;
/*!40101 SET @OLD_SQL_MODE=@@SQL_MODE, SQL_MODE='NO_AUTO_VALUE_ON_ZERO' */;
/*!40111 SET @OLD_SQL_NOTES=@@SQL_NOTES, SQL_NOTES=0 */;
CREATE DATABASE /*!32312 IF NOT EXISTS*/`laravel_kurir` /*!40100 DEFAULT CHARACTER SET utf8mb4 COLLATE utf8mb4_0900_ai_ci */ /*!80016 DEFAULT ENCRYPTION='N' */;

USE `laravel_kurir`;

/*Table structure for table `cities` */

DROP TABLE IF EXISTS `cities`;

CREATE TABLE `cities` (
  `id` bigint unsigned NOT NULL AUTO_INCREMENT,
  `province_id` int unsigned NOT NULL,
  `city_id` int unsigned NOT NULL,
  `name` varchar(255) COLLATE utf8mb4_unicode_ci NOT NULL,
  `created_at` timestamp NULL DEFAULT NULL,
  `updated_at` timestamp NULL DEFAULT NULL,
  PRIMARY KEY (`id`)
) ENGINE=InnoDB AUTO_INCREMENT=502 DEFAULT CHARSET=utf8mb4 COLLATE=utf8mb4_unicode_ci;

/*Data for the table `cities` */

insert  into `cities`(`id`,`province_id`,`city_id`,`name`,`created_at`,`updated_at`) values 
(1,1,17,'Badung','2025-06-18 12:05:54','2025-06-18 12:05:54'),
(2,1,32,'Bangli','2025-06-18 12:05:54','2025-06-18 12:05:54'),
(3,1,94,'Buleleng','2025-06-18 12:05:54','2025-06-18 12:05:54'),
(4,1,114,'Denpasar','2025-06-18 12:05:54','2025-06-18 12:05:54'),
(5,1,128,'Gianyar','2025-06-18 12:05:54','2025-06-18 12:05:54'),
(6,1,161,'Jembrana','2025-06-18 12:05:54','2025-06-18 12:05:54'),
(7,1,170,'Karangasem','2025-06-18 12:05:54','2025-06-18 12:05:54'),
(8,1,197,'Klungkung','2025-06-18 12:05:54','2025-06-18 12:05:54'),
(9,1,447,'Tabanan','2025-06-18 12:05:54','2025-06-18 12:05:54'),
(10,2,27,'Bangka','2025-06-18 12:05:55','2025-06-18 12:05:55'),
(11,2,28,'Bangka Barat','2025-06-18 12:05:55','2025-06-18 12:05:55'),
(12,2,29,'Bangka Selatan','2025-06-18 12:05:55','2025-06-18 12:05:55'),
(13,2,30,'Bangka Tengah','2025-06-18 12:05:55','2025-06-18 12:05:55'),
(14,2,56,'Belitung','2025-06-18 12:05:55','2025-06-18 12:05:55'),
(15,2,57,'Belitung Timur','2025-06-18 12:05:55','2025-06-18 12:05:55'),
(16,2,334,'Pangkal Pinang','2025-06-18 12:05:55','2025-06-18 12:05:55'),
(17,3,106,'Cilegon','2025-06-18 12:05:57','2025-06-18 12:05:57'),
(18,3,232,'Lebak','2025-06-18 12:05:57','2025-06-18 12:05:57'),
(19,3,331,'Pandeglang','2025-06-18 12:05:57','2025-06-18 12:05:57'),
(20,3,402,'Serang','2025-06-18 12:05:57','2025-06-18 12:05:57'),
(21,3,403,'Serang','2025-06-18 12:05:57','2025-06-18 12:05:57'),
(22,3,455,'Tangerang','2025-06-18 12:05:57','2025-06-18 12:05:57'),
(23,3,456,'Tangerang','2025-06-18 12:05:57','2025-06-18 12:05:57'),
(24,3,457,'Tangerang Selatan','2025-06-18 12:05:57','2025-06-18 12:05:57'),
(25,4,62,'Bengkulu','2025-06-18 12:06:00','2025-06-18 12:06:00'),
(26,4,63,'Bengkulu Selatan','2025-06-18 12:06:00','2025-06-18 12:06:00'),
(27,4,64,'Bengkulu Tengah','2025-06-18 12:06:00','2025-06-18 12:06:00'),
(28,4,65,'Bengkulu Utara','2025-06-18 12:06:00','2025-06-18 12:06:00'),
(29,4,175,'Kaur','2025-06-18 12:06:00','2025-06-18 12:06:00'),
(30,4,183,'Kepahiang','2025-06-18 12:06:00','2025-06-18 12:06:00'),
(31,4,233,'Lebong','2025-06-18 12:06:00','2025-06-18 12:06:00'),
(32,4,294,'Muko Muko','2025-06-18 12:06:00','2025-06-18 12:06:00'),
(33,4,379,'Rejang Lebong','2025-06-18 12:06:00','2025-06-18 12:06:00'),
(34,4,397,'Seluma','2025-06-18 12:06:00','2025-06-18 12:06:00'),
(35,5,39,'Bantul','2025-06-18 12:06:02','2025-06-18 12:06:02'),
(36,5,135,'Gunung Kidul','2025-06-18 12:06:02','2025-06-18 12:06:02'),
(37,5,210,'Kulon Progo','2025-06-18 12:06:02','2025-06-18 12:06:02'),
(38,5,419,'Sleman','2025-06-18 12:06:02','2025-06-18 12:06:02'),
(39,5,501,'Yogyakarta','2025-06-18 12:06:02','2025-06-18 12:06:02'),
(40,6,151,'Jakarta Barat','2025-06-18 12:06:04','2025-06-18 12:06:04'),
(41,6,152,'Jakarta Pusat','2025-06-18 12:06:04','2025-06-18 12:06:04'),
(42,6,153,'Jakarta Selatan','2025-06-18 12:06:04','2025-06-18 12:06:04'),
(43,6,154,'Jakarta Timur','2025-06-18 12:06:04','2025-06-18 12:06:04'),
(44,6,155,'Jakarta Utara','2025-06-18 12:06:04','2025-06-18 12:06:04'),
(45,6,189,'Kepulauan Seribu','2025-06-18 12:06:04','2025-06-18 12:06:04'),
(46,7,77,'Boalemo','2025-06-18 12:06:05','2025-06-18 12:06:05'),
(47,7,88,'Bone Bolango','2025-06-18 12:06:05','2025-06-18 12:06:05'),
(48,7,129,'Gorontalo','2025-06-18 12:06:05','2025-06-18 12:06:05'),
(49,7,130,'Gorontalo','2025-06-18 12:06:05','2025-06-18 12:06:05'),
(50,7,131,'Gorontalo Utara','2025-06-18 12:06:05','2025-06-18 12:06:05'),
(51,7,361,'Pohuwato','2025-06-18 12:06:05','2025-06-18 12:06:05'),
(52,8,50,'Batang Hari','2025-06-18 12:06:07','2025-06-18 12:06:07'),
(53,8,97,'Bungo','2025-06-18 12:06:07','2025-06-18 12:06:07'),
(54,8,156,'Jambi','2025-06-18 12:06:07','2025-06-18 12:06:07'),
(55,8,194,'Kerinci','2025-06-18 12:06:07','2025-06-18 12:06:07'),
(56,8,280,'Merangin','2025-06-18 12:06:07','2025-06-18 12:06:07'),
(57,8,293,'Muaro Jambi','2025-06-18 12:06:07','2025-06-18 12:06:07'),
(58,8,393,'Sarolangun','2025-06-18 12:06:07','2025-06-18 12:06:07'),
(59,8,442,'Sungaipenuh','2025-06-18 12:06:07','2025-06-18 12:06:07'),
(60,8,460,'Tanjung Jabung Barat','2025-06-18 12:06:07','2025-06-18 12:06:07'),
(61,8,461,'Tanjung Jabung Timur','2025-06-18 12:06:07','2025-06-18 12:06:07'),
(62,8,471,'Tebo','2025-06-18 12:06:07','2025-06-18 12:06:07'),
(63,9,22,'Bandung','2025-06-18 12:06:08','2025-06-18 12:06:08'),
(64,9,23,'Bandung','2025-06-18 12:06:08','2025-06-18 12:06:08'),
(65,9,24,'Bandung Barat','2025-06-18 12:06:08','2025-06-18 12:06:08'),
(66,9,34,'Banjar','2025-06-18 12:06:08','2025-06-18 12:06:08'),
(67,9,54,'Bekasi','2025-06-18 12:06:08','2025-06-18 12:06:08'),
(68,9,55,'Bekasi','2025-06-18 12:06:08','2025-06-18 12:06:08'),
(69,9,78,'Bogor','2025-06-18 12:06:08','2025-06-18 12:06:08'),
(70,9,79,'Bogor','2025-06-18 12:06:08','2025-06-18 12:06:08'),
(71,9,103,'Ciamis','2025-06-18 12:06:08','2025-06-18 12:06:08'),
(72,9,104,'Cianjur','2025-06-18 12:06:08','2025-06-18 12:06:08'),
(73,9,107,'Cimahi','2025-06-18 12:06:08','2025-06-18 12:06:08'),
(74,9,108,'Cirebon','2025-06-18 12:06:08','2025-06-18 12:06:08'),
(75,9,109,'Cirebon','2025-06-18 12:06:08','2025-06-18 12:06:08'),
(76,9,115,'Depok','2025-06-18 12:06:08','2025-06-18 12:06:08'),
(77,9,126,'Garut','2025-06-18 12:06:08','2025-06-18 12:06:08'),
(78,9,149,'Indramayu','2025-06-18 12:06:08','2025-06-18 12:06:08'),
(79,9,171,'Karawang','2025-06-18 12:06:08','2025-06-18 12:06:08'),
(80,9,211,'Kuningan','2025-06-18 12:06:08','2025-06-18 12:06:08'),
(81,9,252,'Majalengka','2025-06-18 12:06:08','2025-06-18 12:06:08'),
(82,9,332,'Pangandaran','2025-06-18 12:06:08','2025-06-18 12:06:08'),
(83,9,376,'Purwakarta','2025-06-18 12:06:08','2025-06-18 12:06:08'),
(84,9,428,'Subang','2025-06-18 12:06:08','2025-06-18 12:06:08'),
(85,9,430,'Sukabumi','2025-06-18 12:06:08','2025-06-18 12:06:08'),
(86,9,431,'Sukabumi','2025-06-18 12:06:08','2025-06-18 12:06:08'),
(87,9,440,'Sumedang','2025-06-18 12:06:08','2025-06-18 12:06:08'),
(88,9,468,'Tasikmalaya','2025-06-18 12:06:08','2025-06-18 12:06:08'),
(89,9,469,'Tasikmalaya','2025-06-18 12:06:08','2025-06-18 12:06:08'),
(90,10,37,'Banjarnegara','2025-06-18 12:06:10','2025-06-18 12:06:10'),
(91,10,41,'Banyumas','2025-06-18 12:06:10','2025-06-18 12:06:10'),
(92,10,49,'Batang','2025-06-18 12:06:10','2025-06-18 12:06:10'),
(93,10,76,'Blora','2025-06-18 12:06:10','2025-06-18 12:06:10'),
(94,10,91,'Boyolali','2025-06-18 12:06:10','2025-06-18 12:06:10'),
(95,10,92,'Brebes','2025-06-18 12:06:10','2025-06-18 12:06:10'),
(96,10,105,'Cilacap','2025-06-18 12:06:10','2025-06-18 12:06:10'),
(97,10,113,'Demak','2025-06-18 12:06:10','2025-06-18 12:06:10'),
(98,10,134,'Grobogan','2025-06-18 12:06:10','2025-06-18 12:06:10'),
(99,10,163,'Jepara','2025-06-18 12:06:10','2025-06-18 12:06:10'),
(100,10,169,'Karanganyar','2025-06-18 12:06:10','2025-06-18 12:06:10'),
(101,10,177,'Kebumen','2025-06-18 12:06:10','2025-06-18 12:06:10'),
(102,10,181,'Kendal','2025-06-18 12:06:10','2025-06-18 12:06:10'),
(103,10,196,'Klaten','2025-06-18 12:06:10','2025-06-18 12:06:10'),
(104,10,209,'Kudus','2025-06-18 12:06:10','2025-06-18 12:06:10'),
(105,10,249,'Magelang','2025-06-18 12:06:10','2025-06-18 12:06:10'),
(106,10,250,'Magelang','2025-06-18 12:06:10','2025-06-18 12:06:10'),
(107,10,344,'Pati','2025-06-18 12:06:10','2025-06-18 12:06:10'),
(108,10,348,'Pekalongan','2025-06-18 12:06:10','2025-06-18 12:06:10'),
(109,10,349,'Pekalongan','2025-06-18 12:06:10','2025-06-18 12:06:10'),
(110,10,352,'Pemalang','2025-06-18 12:06:10','2025-06-18 12:06:10'),
(111,10,375,'Purbalingga','2025-06-18 12:06:10','2025-06-18 12:06:10'),
(112,10,377,'Purworejo','2025-06-18 12:06:10','2025-06-18 12:06:10'),
(113,10,380,'Rembang','2025-06-18 12:06:10','2025-06-18 12:06:10'),
(114,10,386,'Salatiga','2025-06-18 12:06:10','2025-06-18 12:06:10'),
(115,10,398,'Semarang','2025-06-18 12:06:10','2025-06-18 12:06:10'),
(116,10,399,'Semarang','2025-06-18 12:06:10','2025-06-18 12:06:10'),
(117,10,427,'Sragen','2025-06-18 12:06:10','2025-06-18 12:06:10'),
(118,10,433,'Sukoharjo','2025-06-18 12:06:10','2025-06-18 12:06:10'),
(119,10,445,'Surakarta (Solo)','2025-06-18 12:06:10','2025-06-18 12:06:10'),
(120,10,472,'Tegal','2025-06-18 12:06:10','2025-06-18 12:06:10'),
(121,10,473,'Tegal','2025-06-18 12:06:10','2025-06-18 12:06:10'),
(122,10,476,'Temanggung','2025-06-18 12:06:10','2025-06-18 12:06:10'),
(123,10,497,'Wonogiri','2025-06-18 12:06:10','2025-06-18 12:06:10'),
(124,10,498,'Wonosobo','2025-06-18 12:06:10','2025-06-18 12:06:10'),
(125,11,31,'Bangkalan','2025-06-18 12:06:12','2025-06-18 12:06:12'),
(126,11,42,'Banyuwangi','2025-06-18 12:06:12','2025-06-18 12:06:12'),
(127,11,51,'Batu','2025-06-18 12:06:12','2025-06-18 12:06:12'),
(128,11,74,'Blitar','2025-06-18 12:06:12','2025-06-18 12:06:12'),
(129,11,75,'Blitar','2025-06-18 12:06:12','2025-06-18 12:06:12'),
(130,11,80,'Bojonegoro','2025-06-18 12:06:12','2025-06-18 12:06:12'),
(131,11,86,'Bondowoso','2025-06-18 12:06:12','2025-06-18 12:06:12'),
(132,11,133,'Gresik','2025-06-18 12:06:12','2025-06-18 12:06:12'),
(133,11,160,'Jember','2025-06-18 12:06:12','2025-06-18 12:06:12'),
(134,11,164,'Jombang','2025-06-18 12:06:12','2025-06-18 12:06:12'),
(135,11,178,'Kediri','2025-06-18 12:06:12','2025-06-18 12:06:12'),
(136,11,179,'Kediri','2025-06-18 12:06:12','2025-06-18 12:06:12'),
(137,11,222,'Lamongan','2025-06-18 12:06:12','2025-06-18 12:06:12'),
(138,11,243,'Lumajang','2025-06-18 12:06:12','2025-06-18 12:06:12'),
(139,11,247,'Madiun','2025-06-18 12:06:12','2025-06-18 12:06:12'),
(140,11,248,'Madiun','2025-06-18 12:06:12','2025-06-18 12:06:12'),
(141,11,251,'Magetan','2025-06-18 12:06:12','2025-06-18 12:06:12'),
(142,11,256,'Malang','2025-06-18 12:06:12','2025-06-18 12:06:12'),
(143,11,255,'Malang','2025-06-18 12:06:12','2025-06-18 12:06:12'),
(144,11,289,'Mojokerto','2025-06-18 12:06:12','2025-06-18 12:06:12'),
(145,11,290,'Mojokerto','2025-06-18 12:06:12','2025-06-18 12:06:12'),
(146,11,305,'Nganjuk','2025-06-18 12:06:12','2025-06-18 12:06:12'),
(147,11,306,'Ngawi','2025-06-18 12:06:12','2025-06-18 12:06:12'),
(148,11,317,'Pacitan','2025-06-18 12:06:12','2025-06-18 12:06:12'),
(149,11,330,'Pamekasan','2025-06-18 12:06:12','2025-06-18 12:06:12'),
(150,11,342,'Pasuruan','2025-06-18 12:06:12','2025-06-18 12:06:12'),
(151,11,343,'Pasuruan','2025-06-18 12:06:12','2025-06-18 12:06:12'),
(152,11,363,'Ponorogo','2025-06-18 12:06:12','2025-06-18 12:06:12'),
(153,11,369,'Probolinggo','2025-06-18 12:06:12','2025-06-18 12:06:12'),
(154,11,370,'Probolinggo','2025-06-18 12:06:12','2025-06-18 12:06:12'),
(155,11,390,'Sampang','2025-06-18 12:06:12','2025-06-18 12:06:12'),
(156,11,409,'Sidoarjo','2025-06-18 12:06:12','2025-06-18 12:06:12'),
(157,11,418,'Situbondo','2025-06-18 12:06:12','2025-06-18 12:06:12'),
(158,11,441,'Sumenep','2025-06-18 12:06:12','2025-06-18 12:06:12'),
(159,11,444,'Surabaya','2025-06-18 12:06:12','2025-06-18 12:06:12'),
(160,11,487,'Trenggalek','2025-06-18 12:06:12','2025-06-18 12:06:12'),
(161,11,489,'Tuban','2025-06-18 12:06:12','2025-06-18 12:06:12'),
(162,11,492,'Tulungagung','2025-06-18 12:06:12','2025-06-18 12:06:12'),
(163,12,61,'Bengkayang','2025-06-18 12:06:13','2025-06-18 12:06:13'),
(164,12,168,'Kapuas Hulu','2025-06-18 12:06:13','2025-06-18 12:06:13'),
(165,12,176,'Kayong Utara','2025-06-18 12:06:13','2025-06-18 12:06:13'),
(166,12,195,'Ketapang','2025-06-18 12:06:13','2025-06-18 12:06:13'),
(167,12,208,'Kubu Raya','2025-06-18 12:06:13','2025-06-18 12:06:13'),
(168,12,228,'Landak','2025-06-18 12:06:13','2025-06-18 12:06:13'),
(169,12,279,'Melawi','2025-06-18 12:06:13','2025-06-18 12:06:13'),
(170,12,364,'Pontianak','2025-06-18 12:06:13','2025-06-18 12:06:13'),
(171,12,365,'Pontianak','2025-06-18 12:06:13','2025-06-18 12:06:13'),
(172,12,388,'Sambas','2025-06-18 12:06:13','2025-06-18 12:06:13'),
(173,12,391,'Sanggau','2025-06-18 12:06:13','2025-06-18 12:06:13'),
(174,12,395,'Sekadau','2025-06-18 12:06:13','2025-06-18 12:06:13'),
(175,12,415,'Singkawang','2025-06-18 12:06:13','2025-06-18 12:06:13'),
(176,12,417,'Sintang','2025-06-18 12:06:13','2025-06-18 12:06:13'),
(177,13,18,'Balangan','2025-06-18 12:06:17','2025-06-18 12:06:17'),
(178,13,33,'Banjar','2025-06-18 12:06:17','2025-06-18 12:06:17'),
(179,13,35,'Banjarbaru','2025-06-18 12:06:17','2025-06-18 12:06:17'),
(180,13,36,'Banjarmasin','2025-06-18 12:06:17','2025-06-18 12:06:17'),
(181,13,43,'Barito Kuala','2025-06-18 12:06:17','2025-06-18 12:06:17'),
(182,13,143,'Hulu Sungai Selatan','2025-06-18 12:06:17','2025-06-18 12:06:17'),
(183,13,144,'Hulu Sungai Tengah','2025-06-18 12:06:17','2025-06-18 12:06:17'),
(184,13,145,'Hulu Sungai Utara','2025-06-18 12:06:17','2025-06-18 12:06:17'),
(185,13,203,'Kotabaru','2025-06-18 12:06:17','2025-06-18 12:06:17'),
(186,13,446,'Tabalong','2025-06-18 12:06:17','2025-06-18 12:06:17'),
(187,13,452,'Tanah Bumbu','2025-06-18 12:06:17','2025-06-18 12:06:17'),
(188,13,454,'Tanah Laut','2025-06-18 12:06:17','2025-06-18 12:06:17'),
(189,13,466,'Tapin','2025-06-18 12:06:17','2025-06-18 12:06:17'),
(190,14,44,'Barito Selatan','2025-06-18 12:06:19','2025-06-18 12:06:19'),
(191,14,45,'Barito Timur','2025-06-18 12:06:19','2025-06-18 12:06:19'),
(192,14,46,'Barito Utara','2025-06-18 12:06:19','2025-06-18 12:06:19'),
(193,14,136,'Gunung Mas','2025-06-18 12:06:19','2025-06-18 12:06:19'),
(194,14,167,'Kapuas','2025-06-18 12:06:19','2025-06-18 12:06:19'),
(195,14,174,'Katingan','2025-06-18 12:06:19','2025-06-18 12:06:19'),
(196,14,205,'Kotawaringin Barat','2025-06-18 12:06:19','2025-06-18 12:06:19'),
(197,14,206,'Kotawaringin Timur','2025-06-18 12:06:19','2025-06-18 12:06:19'),
(198,14,221,'Lamandau','2025-06-18 12:06:19','2025-06-18 12:06:19'),
(199,14,296,'Murung Raya','2025-06-18 12:06:19','2025-06-18 12:06:19'),
(200,14,326,'Palangka Raya','2025-06-18 12:06:19','2025-06-18 12:06:19'),
(201,14,371,'Pulang Pisau','2025-06-18 12:06:19','2025-06-18 12:06:19'),
(202,14,405,'Seruyan','2025-06-18 12:06:19','2025-06-18 12:06:19'),
(203,14,432,'Sukamara','2025-06-18 12:06:19','2025-06-18 12:06:19'),
(204,15,19,'Balikpapan','2025-06-18 12:06:21','2025-06-18 12:06:21'),
(205,15,66,'Berau','2025-06-18 12:06:21','2025-06-18 12:06:21'),
(206,15,89,'Bontang','2025-06-18 12:06:21','2025-06-18 12:06:21'),
(207,15,214,'Kutai Barat','2025-06-18 12:06:21','2025-06-18 12:06:21'),
(208,15,215,'Kutai Kartanegara','2025-06-18 12:06:21','2025-06-18 12:06:21'),
(209,15,216,'Kutai Timur','2025-06-18 12:06:21','2025-06-18 12:06:21'),
(210,15,341,'Paser','2025-06-18 12:06:21','2025-06-18 12:06:21'),
(211,15,354,'Penajam Paser Utara','2025-06-18 12:06:21','2025-06-18 12:06:21'),
(212,15,387,'Samarinda','2025-06-18 12:06:21','2025-06-18 12:06:21'),
(213,16,96,'Bulungan (Bulongan)','2025-06-18 12:06:22','2025-06-18 12:06:22'),
(214,16,257,'Malinau','2025-06-18 12:06:22','2025-06-18 12:06:22'),
(215,16,311,'Nunukan','2025-06-18 12:06:22','2025-06-18 12:06:22'),
(216,16,450,'Tana Tidung','2025-06-18 12:06:22','2025-06-18 12:06:22'),
(217,16,467,'Tarakan','2025-06-18 12:06:22','2025-06-18 12:06:22'),
(218,17,48,'Batam','2025-06-18 12:06:24','2025-06-18 12:06:24'),
(219,17,71,'Bintan','2025-06-18 12:06:24','2025-06-18 12:06:24'),
(220,17,172,'Karimun','2025-06-18 12:06:24','2025-06-18 12:06:24'),
(221,17,184,'Kepulauan Anambas','2025-06-18 12:06:24','2025-06-18 12:06:24'),
(222,17,237,'Lingga','2025-06-18 12:06:24','2025-06-18 12:06:24'),
(223,17,302,'Natuna','2025-06-18 12:06:24','2025-06-18 12:06:24'),
(224,17,462,'Tanjung Pinang','2025-06-18 12:06:24','2025-06-18 12:06:24'),
(225,18,21,'Bandar Lampung','2025-06-18 12:06:26','2025-06-18 12:06:26'),
(226,18,223,'Lampung Barat','2025-06-18 12:06:26','2025-06-18 12:06:26'),
(227,18,224,'Lampung Selatan','2025-06-18 12:06:26','2025-06-18 12:06:26'),
(228,18,225,'Lampung Tengah','2025-06-18 12:06:26','2025-06-18 12:06:26'),
(229,18,226,'Lampung Timur','2025-06-18 12:06:26','2025-06-18 12:06:26'),
(230,18,227,'Lampung Utara','2025-06-18 12:06:26','2025-06-18 12:06:26'),
(231,18,282,'Mesuji','2025-06-18 12:06:26','2025-06-18 12:06:26'),
(232,18,283,'Metro','2025-06-18 12:06:26','2025-06-18 12:06:26'),
(233,18,355,'Pesawaran','2025-06-18 12:06:26','2025-06-18 12:06:26'),
(234,18,356,'Pesisir Barat','2025-06-18 12:06:26','2025-06-18 12:06:26'),
(235,18,368,'Pringsewu','2025-06-18 12:06:26','2025-06-18 12:06:26'),
(236,18,458,'Tanggamus','2025-06-18 12:06:26','2025-06-18 12:06:26'),
(237,18,490,'Tulang Bawang','2025-06-18 12:06:26','2025-06-18 12:06:26'),
(238,18,491,'Tulang Bawang Barat','2025-06-18 12:06:26','2025-06-18 12:06:26'),
(239,18,496,'Way Kanan','2025-06-18 12:06:26','2025-06-18 12:06:26'),
(240,19,14,'Ambon','2025-06-18 12:06:28','2025-06-18 12:06:28'),
(241,19,99,'Buru','2025-06-18 12:06:28','2025-06-18 12:06:28'),
(242,19,100,'Buru Selatan','2025-06-18 12:06:28','2025-06-18 12:06:28'),
(243,19,185,'Kepulauan Aru','2025-06-18 12:06:28','2025-06-18 12:06:28'),
(244,19,258,'Maluku Barat Daya','2025-06-18 12:06:28','2025-06-18 12:06:28'),
(245,19,259,'Maluku Tengah','2025-06-18 12:06:28','2025-06-18 12:06:28'),
(246,19,260,'Maluku Tenggara','2025-06-18 12:06:28','2025-06-18 12:06:28'),
(247,19,261,'Maluku Tenggara Barat','2025-06-18 12:06:28','2025-06-18 12:06:28'),
(248,19,400,'Seram Bagian Barat','2025-06-18 12:06:28','2025-06-18 12:06:28'),
(249,19,401,'Seram Bagian Timur','2025-06-18 12:06:28','2025-06-18 12:06:28'),
(250,19,488,'Tual','2025-06-18 12:06:28','2025-06-18 12:06:28'),
(251,20,138,'Halmahera Barat','2025-06-18 12:06:30','2025-06-18 12:06:30'),
(252,20,139,'Halmahera Selatan','2025-06-18 12:06:30','2025-06-18 12:06:30'),
(253,20,140,'Halmahera Tengah','2025-06-18 12:06:30','2025-06-18 12:06:30'),
(254,20,141,'Halmahera Timur','2025-06-18 12:06:30','2025-06-18 12:06:30'),
(255,20,142,'Halmahera Utara','2025-06-18 12:06:30','2025-06-18 12:06:30'),
(256,20,191,'Kepulauan Sula','2025-06-18 12:06:30','2025-06-18 12:06:30'),
(257,20,372,'Pulau Morotai','2025-06-18 12:06:30','2025-06-18 12:06:30'),
(258,20,477,'Ternate','2025-06-18 12:06:30','2025-06-18 12:06:30'),
(259,20,478,'Tidore Kepulauan','2025-06-18 12:06:30','2025-06-18 12:06:30'),
(260,21,1,'Aceh Barat','2025-06-18 12:06:31','2025-06-18 12:06:31'),
(261,21,2,'Aceh Barat Daya','2025-06-18 12:06:31','2025-06-18 12:06:31'),
(262,21,3,'Aceh Besar','2025-06-18 12:06:31','2025-06-18 12:06:31'),
(263,21,4,'Aceh Jaya','2025-06-18 12:06:31','2025-06-18 12:06:31'),
(264,21,5,'Aceh Selatan','2025-06-18 12:06:31','2025-06-18 12:06:31'),
(265,21,6,'Aceh Singkil','2025-06-18 12:06:31','2025-06-18 12:06:31'),
(266,21,7,'Aceh Tamiang','2025-06-18 12:06:31','2025-06-18 12:06:31'),
(267,21,8,'Aceh Tengah','2025-06-18 12:06:31','2025-06-18 12:06:31'),
(268,21,9,'Aceh Tenggara','2025-06-18 12:06:31','2025-06-18 12:06:31'),
(269,21,10,'Aceh Timur','2025-06-18 12:06:31','2025-06-18 12:06:31'),
(270,21,11,'Aceh Utara','2025-06-18 12:06:31','2025-06-18 12:06:31'),
(271,21,20,'Banda Aceh','2025-06-18 12:06:31','2025-06-18 12:06:31'),
(272,21,59,'Bener Meriah','2025-06-18 12:06:31','2025-06-18 12:06:31'),
(273,21,72,'Bireuen','2025-06-18 12:06:31','2025-06-18 12:06:31'),
(274,21,127,'Gayo Lues','2025-06-18 12:06:31','2025-06-18 12:06:31'),
(275,21,230,'Langsa','2025-06-18 12:06:31','2025-06-18 12:06:31'),
(276,21,235,'Lhokseumawe','2025-06-18 12:06:31','2025-06-18 12:06:31'),
(277,21,300,'Nagan Raya','2025-06-18 12:06:31','2025-06-18 12:06:31'),
(278,21,358,'Pidie','2025-06-18 12:06:31','2025-06-18 12:06:31'),
(279,21,359,'Pidie Jaya','2025-06-18 12:06:31','2025-06-18 12:06:31'),
(280,21,384,'Sabang','2025-06-18 12:06:31','2025-06-18 12:06:31'),
(281,21,414,'Simeulue','2025-06-18 12:06:31','2025-06-18 12:06:31'),
(282,21,429,'Subulussalam','2025-06-18 12:06:31','2025-06-18 12:06:31'),
(283,22,68,'Bima','2025-06-18 12:06:33','2025-06-18 12:06:33'),
(284,22,69,'Bima','2025-06-18 12:06:33','2025-06-18 12:06:33'),
(285,22,118,'Dompu','2025-06-18 12:06:33','2025-06-18 12:06:33'),
(286,22,238,'Lombok Barat','2025-06-18 12:06:33','2025-06-18 12:06:33'),
(287,22,239,'Lombok Tengah','2025-06-18 12:06:33','2025-06-18 12:06:33'),
(288,22,240,'Lombok Timur','2025-06-18 12:06:33','2025-06-18 12:06:33'),
(289,22,241,'Lombok Utara','2025-06-18 12:06:33','2025-06-18 12:06:33'),
(290,22,276,'Mataram','2025-06-18 12:06:33','2025-06-18 12:06:33'),
(291,22,438,'Sumbawa','2025-06-18 12:06:33','2025-06-18 12:06:33'),
(292,22,439,'Sumbawa Barat','2025-06-18 12:06:33','2025-06-18 12:06:33'),
(293,23,13,'Alor','2025-06-18 12:06:35','2025-06-18 12:06:35'),
(294,23,58,'Belu','2025-06-18 12:06:35','2025-06-18 12:06:35'),
(295,23,122,'Ende','2025-06-18 12:06:35','2025-06-18 12:06:35'),
(296,23,125,'Flores Timur','2025-06-18 12:06:35','2025-06-18 12:06:35'),
(297,23,212,'Kupang','2025-06-18 12:06:35','2025-06-18 12:06:35'),
(298,23,213,'Kupang','2025-06-18 12:06:35','2025-06-18 12:06:35'),
(299,23,234,'Lembata','2025-06-18 12:06:35','2025-06-18 12:06:35'),
(300,23,269,'Manggarai','2025-06-18 12:06:35','2025-06-18 12:06:35'),
(301,23,270,'Manggarai Barat','2025-06-18 12:06:35','2025-06-18 12:06:35'),
(302,23,271,'Manggarai Timur','2025-06-18 12:06:35','2025-06-18 12:06:35'),
(303,23,301,'Nagekeo','2025-06-18 12:06:35','2025-06-18 12:06:35'),
(304,23,304,'Ngada','2025-06-18 12:06:35','2025-06-18 12:06:35'),
(305,23,383,'Rote Ndao','2025-06-18 12:06:35','2025-06-18 12:06:35'),
(306,23,385,'Sabu Raijua','2025-06-18 12:06:35','2025-06-18 12:06:35'),
(307,23,412,'Sikka','2025-06-18 12:06:35','2025-06-18 12:06:35'),
(308,23,434,'Sumba Barat','2025-06-18 12:06:35','2025-06-18 12:06:35'),
(309,23,435,'Sumba Barat Daya','2025-06-18 12:06:35','2025-06-18 12:06:35'),
(310,23,436,'Sumba Tengah','2025-06-18 12:06:35','2025-06-18 12:06:35'),
(311,23,437,'Sumba Timur','2025-06-18 12:06:35','2025-06-18 12:06:35'),
(312,23,479,'Timor Tengah Selatan','2025-06-18 12:06:35','2025-06-18 12:06:35'),
(313,23,480,'Timor Tengah Utara','2025-06-18 12:06:35','2025-06-18 12:06:35'),
(314,24,16,'Asmat','2025-06-18 12:06:36','2025-06-18 12:06:36'),
(315,24,67,'Biak Numfor','2025-06-18 12:06:36','2025-06-18 12:06:36'),
(316,24,90,'Boven Digoel','2025-06-18 12:06:36','2025-06-18 12:06:36'),
(317,24,111,'Deiyai (Deliyai)','2025-06-18 12:06:36','2025-06-18 12:06:36'),
(318,24,117,'Dogiyai','2025-06-18 12:06:36','2025-06-18 12:06:36'),
(319,24,150,'Intan Jaya','2025-06-18 12:06:36','2025-06-18 12:06:36'),
(320,24,157,'Jayapura','2025-06-18 12:06:36','2025-06-18 12:06:36'),
(321,24,158,'Jayapura','2025-06-18 12:06:36','2025-06-18 12:06:36'),
(322,24,159,'Jayawijaya','2025-06-18 12:06:36','2025-06-18 12:06:36'),
(323,24,180,'Keerom','2025-06-18 12:06:36','2025-06-18 12:06:36'),
(324,24,193,'Kepulauan Yapen (Yapen Waropen)','2025-06-18 12:06:36','2025-06-18 12:06:36'),
(325,24,231,'Lanny Jaya','2025-06-18 12:06:36','2025-06-18 12:06:36'),
(326,24,263,'Mamberamo Raya','2025-06-18 12:06:36','2025-06-18 12:06:36'),
(327,24,264,'Mamberamo Tengah','2025-06-18 12:06:36','2025-06-18 12:06:36'),
(328,24,274,'Mappi','2025-06-18 12:06:36','2025-06-18 12:06:36'),
(329,24,281,'Merauke','2025-06-18 12:06:36','2025-06-18 12:06:36'),
(330,24,284,'Mimika','2025-06-18 12:06:36','2025-06-18 12:06:36'),
(331,24,299,'Nabire','2025-06-18 12:06:36','2025-06-18 12:06:36'),
(332,24,303,'Nduga','2025-06-18 12:06:36','2025-06-18 12:06:36'),
(333,24,335,'Paniai','2025-06-18 12:06:36','2025-06-18 12:06:36'),
(334,24,347,'Pegunungan Bintang','2025-06-18 12:06:36','2025-06-18 12:06:36'),
(335,24,373,'Puncak','2025-06-18 12:06:36','2025-06-18 12:06:36'),
(336,24,374,'Puncak Jaya','2025-06-18 12:06:36','2025-06-18 12:06:36'),
(337,24,392,'Sarmi','2025-06-18 12:06:36','2025-06-18 12:06:36'),
(338,24,443,'Supiori','2025-06-18 12:06:36','2025-06-18 12:06:36'),
(339,24,484,'Tolikara','2025-06-18 12:06:36','2025-06-18 12:06:36'),
(340,24,495,'Waropen','2025-06-18 12:06:36','2025-06-18 12:06:36'),
(341,24,499,'Yahukimo','2025-06-18 12:06:36','2025-06-18 12:06:36'),
(342,24,500,'Yalimo','2025-06-18 12:06:36','2025-06-18 12:06:36'),
(343,25,124,'Fakfak','2025-06-18 12:06:38','2025-06-18 12:06:38'),
(344,25,165,'Kaimana','2025-06-18 12:06:38','2025-06-18 12:06:38'),
(345,25,272,'Manokwari','2025-06-18 12:06:38','2025-06-18 12:06:38'),
(346,25,273,'Manokwari Selatan','2025-06-18 12:06:38','2025-06-18 12:06:38'),
(347,25,277,'Maybrat','2025-06-18 12:06:38','2025-06-18 12:06:38'),
(348,25,346,'Pegunungan Arfak','2025-06-18 12:06:38','2025-06-18 12:06:38'),
(349,25,378,'Raja Ampat','2025-06-18 12:06:38','2025-06-18 12:06:38'),
(350,25,424,'Sorong','2025-06-18 12:06:38','2025-06-18 12:06:38'),
(351,25,425,'Sorong','2025-06-18 12:06:38','2025-06-18 12:06:38'),
(352,25,426,'Sorong Selatan','2025-06-18 12:06:38','2025-06-18 12:06:38'),
(353,25,449,'Tambrauw','2025-06-18 12:06:38','2025-06-18 12:06:38'),
(354,25,474,'Teluk Bintuni','2025-06-18 12:06:38','2025-06-18 12:06:38'),
(355,25,475,'Teluk Wondama','2025-06-18 12:06:38','2025-06-18 12:06:38'),
(356,26,60,'Bengkalis','2025-06-18 12:06:40','2025-06-18 12:06:40'),
(357,26,120,'Dumai','2025-06-18 12:06:40','2025-06-18 12:06:40'),
(358,26,147,'Indragiri Hilir','2025-06-18 12:06:40','2025-06-18 12:06:40'),
(359,26,148,'Indragiri Hulu','2025-06-18 12:06:40','2025-06-18 12:06:40'),
(360,26,166,'Kampar','2025-06-18 12:06:40','2025-06-18 12:06:40'),
(361,26,187,'Kepulauan Meranti','2025-06-18 12:06:40','2025-06-18 12:06:40'),
(362,26,207,'Kuantan Singingi','2025-06-18 12:06:40','2025-06-18 12:06:40'),
(363,26,350,'Pekanbaru','2025-06-18 12:06:40','2025-06-18 12:06:40'),
(364,26,351,'Pelalawan','2025-06-18 12:06:40','2025-06-18 12:06:40'),
(365,26,381,'Rokan Hilir','2025-06-18 12:06:40','2025-06-18 12:06:40'),
(366,26,382,'Rokan Hulu','2025-06-18 12:06:40','2025-06-18 12:06:40'),
(367,26,406,'Siak','2025-06-18 12:06:40','2025-06-18 12:06:40'),
(368,27,253,'Majene','2025-06-18 12:06:42','2025-06-18 12:06:42'),
(369,27,262,'Mamasa','2025-06-18 12:06:42','2025-06-18 12:06:42'),
(370,27,265,'Mamuju','2025-06-18 12:06:42','2025-06-18 12:06:42'),
(371,27,266,'Mamuju Utara','2025-06-18 12:06:42','2025-06-18 12:06:42'),
(372,27,362,'Polewali Mandar','2025-06-18 12:06:42','2025-06-18 12:06:42'),
(373,28,38,'Bantaeng','2025-06-18 12:06:44','2025-06-18 12:06:44'),
(374,28,47,'Barru','2025-06-18 12:06:44','2025-06-18 12:06:44'),
(375,28,87,'Bone','2025-06-18 12:06:44','2025-06-18 12:06:44'),
(376,28,95,'Bulukumba','2025-06-18 12:06:44','2025-06-18 12:06:44'),
(377,28,123,'Enrekang','2025-06-18 12:06:44','2025-06-18 12:06:44'),
(378,28,132,'Gowa','2025-06-18 12:06:44','2025-06-18 12:06:44'),
(379,28,162,'Jeneponto','2025-06-18 12:06:44','2025-06-18 12:06:44'),
(380,28,244,'Luwu','2025-06-18 12:06:44','2025-06-18 12:06:44'),
(381,28,245,'Luwu Timur','2025-06-18 12:06:44','2025-06-18 12:06:44'),
(382,28,246,'Luwu Utara','2025-06-18 12:06:44','2025-06-18 12:06:44'),
(383,28,254,'Makassar','2025-06-18 12:06:44','2025-06-18 12:06:44'),
(384,28,275,'Maros','2025-06-18 12:06:44','2025-06-18 12:06:44'),
(385,28,328,'Palopo','2025-06-18 12:06:44','2025-06-18 12:06:44'),
(386,28,333,'Pangkajene Kepulauan','2025-06-18 12:06:44','2025-06-18 12:06:44'),
(387,28,336,'Parepare','2025-06-18 12:06:44','2025-06-18 12:06:44'),
(388,28,360,'Pinrang','2025-06-18 12:06:44','2025-06-18 12:06:44'),
(389,28,396,'Selayar (Kepulauan Selayar)','2025-06-18 12:06:44','2025-06-18 12:06:44'),
(390,28,408,'Sidenreng Rappang/Rapang','2025-06-18 12:06:44','2025-06-18 12:06:44'),
(391,28,416,'Sinjai','2025-06-18 12:06:44','2025-06-18 12:06:44'),
(392,28,423,'Soppeng','2025-06-18 12:06:44','2025-06-18 12:06:44'),
(393,28,448,'Takalar','2025-06-18 12:06:44','2025-06-18 12:06:44'),
(394,28,451,'Tana Toraja','2025-06-18 12:06:44','2025-06-18 12:06:44'),
(395,28,486,'Toraja Utara','2025-06-18 12:06:44','2025-06-18 12:06:44'),
(396,28,493,'Wajo','2025-06-18 12:06:44','2025-06-18 12:06:44'),
(397,29,25,'Banggai','2025-06-18 12:06:46','2025-06-18 12:06:46'),
(398,29,26,'Banggai Kepulauan','2025-06-18 12:06:46','2025-06-18 12:06:46'),
(399,29,98,'Buol','2025-06-18 12:06:46','2025-06-18 12:06:46'),
(400,29,119,'Donggala','2025-06-18 12:06:46','2025-06-18 12:06:46'),
(401,29,291,'Morowali','2025-06-18 12:06:46','2025-06-18 12:06:46'),
(402,29,329,'Palu','2025-06-18 12:06:46','2025-06-18 12:06:46'),
(403,29,338,'Parigi Moutong','2025-06-18 12:06:46','2025-06-18 12:06:46'),
(404,29,366,'Poso','2025-06-18 12:06:46','2025-06-18 12:06:46'),
(405,29,410,'Sigi','2025-06-18 12:06:46','2025-06-18 12:06:46'),
(406,29,482,'Tojo Una-Una','2025-06-18 12:06:46','2025-06-18 12:06:46'),
(407,29,483,'Toli-Toli','2025-06-18 12:06:46','2025-06-18 12:06:46'),
(408,30,53,'Bau-Bau','2025-06-18 12:06:48','2025-06-18 12:06:48'),
(409,30,85,'Bombana','2025-06-18 12:06:48','2025-06-18 12:06:48'),
(410,30,101,'Buton','2025-06-18 12:06:48','2025-06-18 12:06:48'),
(411,30,102,'Buton Utara','2025-06-18 12:06:48','2025-06-18 12:06:48'),
(412,30,182,'Kendari','2025-06-18 12:06:48','2025-06-18 12:06:48'),
(413,30,198,'Kolaka','2025-06-18 12:06:48','2025-06-18 12:06:48'),
(414,30,199,'Kolaka Utara','2025-06-18 12:06:48','2025-06-18 12:06:48'),
(415,30,200,'Konawe','2025-06-18 12:06:48','2025-06-18 12:06:48'),
(416,30,201,'Konawe Selatan','2025-06-18 12:06:48','2025-06-18 12:06:48'),
(417,30,202,'Konawe Utara','2025-06-18 12:06:48','2025-06-18 12:06:48'),
(418,30,295,'Muna','2025-06-18 12:06:48','2025-06-18 12:06:48'),
(419,30,494,'Wakatobi','2025-06-18 12:06:48','2025-06-18 12:06:48'),
(420,31,73,'Bitung','2025-06-18 12:06:50','2025-06-18 12:06:50'),
(421,31,81,'Bolaang Mongondow (Bolmong)','2025-06-18 12:06:50','2025-06-18 12:06:50'),
(422,31,82,'Bolaang Mongondow Selatan','2025-06-18 12:06:50','2025-06-18 12:06:50'),
(423,31,83,'Bolaang Mongondow Timur','2025-06-18 12:06:50','2025-06-18 12:06:50'),
(424,31,84,'Bolaang Mongondow Utara','2025-06-18 12:06:50','2025-06-18 12:06:50'),
(425,31,188,'Kepulauan Sangihe','2025-06-18 12:06:50','2025-06-18 12:06:50'),
(426,31,190,'Kepulauan Siau Tagulandang Biaro (Sitaro)','2025-06-18 12:06:50','2025-06-18 12:06:50'),
(427,31,192,'Kepulauan Talaud','2025-06-18 12:06:50','2025-06-18 12:06:50'),
(428,31,204,'Kotamobagu','2025-06-18 12:06:50','2025-06-18 12:06:50'),
(429,31,267,'Manado','2025-06-18 12:06:50','2025-06-18 12:06:50'),
(430,31,285,'Minahasa','2025-06-18 12:06:50','2025-06-18 12:06:50'),
(431,31,286,'Minahasa Selatan','2025-06-18 12:06:50','2025-06-18 12:06:50'),
(432,31,287,'Minahasa Tenggara','2025-06-18 12:06:50','2025-06-18 12:06:50'),
(433,31,288,'Minahasa Utara','2025-06-18 12:06:50','2025-06-18 12:06:50'),
(434,31,485,'Tomohon','2025-06-18 12:06:50','2025-06-18 12:06:50'),
(435,32,12,'Agam','2025-06-18 12:06:51','2025-06-18 12:06:51'),
(436,32,93,'Bukittinggi','2025-06-18 12:06:51','2025-06-18 12:06:51'),
(437,32,116,'Dharmasraya','2025-06-18 12:06:51','2025-06-18 12:06:51'),
(438,32,186,'Kepulauan Mentawai','2025-06-18 12:06:51','2025-06-18 12:06:51'),
(439,32,236,'Lima Puluh Koto/Kota','2025-06-18 12:06:51','2025-06-18 12:06:51'),
(440,32,318,'Padang','2025-06-18 12:06:51','2025-06-18 12:06:51'),
(441,32,321,'Padang Panjang','2025-06-18 12:06:51','2025-06-18 12:06:51'),
(442,32,322,'Padang Pariaman','2025-06-18 12:06:51','2025-06-18 12:06:51'),
(443,32,337,'Pariaman','2025-06-18 12:06:51','2025-06-18 12:06:51'),
(444,32,339,'Pasaman','2025-06-18 12:06:51','2025-06-18 12:06:51'),
(445,32,340,'Pasaman Barat','2025-06-18 12:06:51','2025-06-18 12:06:51'),
(446,32,345,'Payakumbuh','2025-06-18 12:06:51','2025-06-18 12:06:51'),
(447,32,357,'Pesisir Selatan','2025-06-18 12:06:51','2025-06-18 12:06:51'),
(448,32,394,'Sawah Lunto','2025-06-18 12:06:51','2025-06-18 12:06:51'),
(449,32,411,'Sijunjung (Sawah Lunto Sijunjung)','2025-06-18 12:06:51','2025-06-18 12:06:51'),
(450,32,420,'Solok','2025-06-18 12:06:51','2025-06-18 12:06:51'),
(451,32,421,'Solok','2025-06-18 12:06:51','2025-06-18 12:06:51'),
(452,32,422,'Solok Selatan','2025-06-18 12:06:51','2025-06-18 12:06:51'),
(453,32,453,'Tanah Datar','2025-06-18 12:06:51','2025-06-18 12:06:51'),
(454,33,40,'Banyuasin','2025-06-18 12:06:56','2025-06-18 12:06:56'),
(455,33,121,'Empat Lawang','2025-06-18 12:06:56','2025-06-18 12:06:56'),
(456,33,220,'Lahat','2025-06-18 12:06:56','2025-06-18 12:06:56'),
(457,33,242,'Lubuk Linggau','2025-06-18 12:06:56','2025-06-18 12:06:56'),
(458,33,292,'Muara Enim','2025-06-18 12:06:56','2025-06-18 12:06:56'),
(459,33,297,'Musi Banyuasin','2025-06-18 12:06:56','2025-06-18 12:06:56'),
(460,33,298,'Musi Rawas','2025-06-18 12:06:56','2025-06-18 12:06:56'),
(461,33,312,'Ogan Ilir','2025-06-18 12:06:56','2025-06-18 12:06:56'),
(462,33,313,'Ogan Komering Ilir','2025-06-18 12:06:56','2025-06-18 12:06:56'),
(463,33,314,'Ogan Komering Ulu','2025-06-18 12:06:56','2025-06-18 12:06:56'),
(464,33,315,'Ogan Komering Ulu Selatan','2025-06-18 12:06:56','2025-06-18 12:06:56'),
(465,33,316,'Ogan Komering Ulu Timur','2025-06-18 12:06:56','2025-06-18 12:06:56'),
(466,33,324,'Pagar Alam','2025-06-18 12:06:56','2025-06-18 12:06:56'),
(467,33,327,'Palembang','2025-06-18 12:06:56','2025-06-18 12:06:56'),
(468,33,367,'Prabumulih','2025-06-18 12:06:56','2025-06-18 12:06:56'),
(469,34,15,'Asahan','2025-06-18 12:06:58','2025-06-18 12:06:58'),
(470,34,52,'Batu Bara','2025-06-18 12:06:58','2025-06-18 12:06:58'),
(471,34,70,'Binjai','2025-06-18 12:06:58','2025-06-18 12:06:58'),
(472,34,110,'Dairi','2025-06-18 12:06:58','2025-06-18 12:06:58'),
(473,34,112,'Deli Serdang','2025-06-18 12:06:58','2025-06-18 12:06:58'),
(474,34,137,'Gunungsitoli','2025-06-18 12:06:58','2025-06-18 12:06:58'),
(475,34,146,'Humbang Hasundutan','2025-06-18 12:06:58','2025-06-18 12:06:58'),
(476,34,173,'Karo','2025-06-18 12:06:58','2025-06-18 12:06:58'),
(477,34,217,'Labuhan Batu','2025-06-18 12:06:58','2025-06-18 12:06:58'),
(478,34,218,'Labuhan Batu Selatan','2025-06-18 12:06:58','2025-06-18 12:06:58'),
(479,34,219,'Labuhan Batu Utara','2025-06-18 12:06:58','2025-06-18 12:06:58'),
(480,34,229,'Langkat','2025-06-18 12:06:58','2025-06-18 12:06:58'),
(481,34,268,'Mandailing Natal','2025-06-18 12:06:58','2025-06-18 12:06:58'),
(482,34,278,'Medan','2025-06-18 12:06:58','2025-06-18 12:06:58'),
(483,34,307,'Nias','2025-06-18 12:06:58','2025-06-18 12:06:58'),
(484,34,308,'Nias Barat','2025-06-18 12:06:58','2025-06-18 12:06:58'),
(485,34,309,'Nias Selatan','2025-06-18 12:06:58','2025-06-18 12:06:58'),
(486,34,310,'Nias Utara','2025-06-18 12:06:58','2025-06-18 12:06:58'),
(487,34,319,'Padang Lawas','2025-06-18 12:06:58','2025-06-18 12:06:58'),
(488,34,320,'Padang Lawas Utara','2025-06-18 12:06:58','2025-06-18 12:06:58'),
(489,34,323,'Padang Sidempuan','2025-06-18 12:06:58','2025-06-18 12:06:58'),
(490,34,325,'Pakpak Bharat','2025-06-18 12:06:58','2025-06-18 12:06:58'),
(491,34,353,'Pematang Siantar','2025-06-18 12:06:58','2025-06-18 12:06:58'),
(492,34,389,'Samosir','2025-06-18 12:06:58','2025-06-18 12:06:58'),
(493,34,404,'Serdang Bedagai','2025-06-18 12:06:58','2025-06-18 12:06:58'),
(494,34,407,'Sibolga','2025-06-18 12:06:58','2025-06-18 12:06:58'),
(495,34,413,'Simalungun','2025-06-18 12:06:58','2025-06-18 12:06:58'),
(496,34,459,'Tanjung Balai','2025-06-18 12:06:58','2025-06-18 12:06:58'),
(497,34,463,'Tapanuli Selatan','2025-06-18 12:06:58','2025-06-18 12:06:58'),
(498,34,464,'Tapanuli Tengah','2025-06-18 12:06:58','2025-06-18 12:06:58'),
(499,34,465,'Tapanuli Utara','2025-06-18 12:06:58','2025-06-18 12:06:58'),
(500,34,470,'Tebing Tinggi','2025-06-18 12:06:58','2025-06-18 12:06:58'),
(501,34,481,'Toba Samosir','2025-06-18 12:06:58','2025-06-18 12:06:58');

/*Table structure for table `failed_jobs` */

DROP TABLE IF EXISTS `failed_jobs`;

CREATE TABLE `failed_jobs` (
  `id` bigint unsigned NOT NULL AUTO_INCREMENT,
  `uuid` varchar(255) COLLATE utf8mb4_unicode_ci NOT NULL,
  `connection` text COLLATE utf8mb4_unicode_ci NOT NULL,
  `queue` text COLLATE utf8mb4_unicode_ci NOT NULL,
  `payload` longtext COLLATE utf8mb4_unicode_ci NOT NULL,
  `exception` longtext COLLATE utf8mb4_unicode_ci NOT NULL,
  `failed_at` timestamp NOT NULL DEFAULT CURRENT_TIMESTAMP,
  PRIMARY KEY (`id`),
  UNIQUE KEY `failed_jobs_uuid_unique` (`uuid`)
) ENGINE=InnoDB DEFAULT CHARSET=utf8mb4 COLLATE=utf8mb4_unicode_ci;

/*Data for the table `failed_jobs` */

/*Table structure for table `gudang` */

DROP TABLE IF EXISTS `gudang`;

CREATE TABLE `gudang` (
  `id` bigint unsigned NOT NULL AUTO_INCREMENT,
  `no_resi` varchar(255) COLLATE utf8mb4_unicode_ci NOT NULL,
  `status` varchar(255) COLLATE utf8mb4_unicode_ci NOT NULL DEFAULT 'menunggu',
  `lokasi_sekarang` varchar(255) COLLATE utf8mb4_unicode_ci DEFAULT NULL,
  `gudang_asal` varchar(255) COLLATE utf8mb4_unicode_ci DEFAULT NULL,
  `gudang_tujuan` varchar(255) COLLATE utf8mb4_unicode_ci DEFAULT NULL,
  `kurir_id` bigint unsigned DEFAULT NULL,
  `waktu_diterima_gudang` timestamp NULL DEFAULT NULL,
  `waktu_diambil_kurir` timestamp NULL DEFAULT NULL,
  `latitude` decimal(10,7) DEFAULT NULL,
  `longitude` decimal(10,7) DEFAULT NULL,
  `created_at` timestamp NULL DEFAULT NULL,
  `updated_at` timestamp NULL DEFAULT NULL,
  PRIMARY KEY (`id`),
  UNIQUE KEY `gudang_no_resi_unique` (`no_resi`),
  KEY `gudang_kurir_id_foreign` (`kurir_id`),
  CONSTRAINT `gudang_kurir_id_foreign` FOREIGN KEY (`kurir_id`) REFERENCES `users` (`id`) ON DELETE SET NULL
) ENGINE=InnoDB DEFAULT CHARSET=utf8mb4 COLLATE=utf8mb4_unicode_ci;

/*Data for the table `gudang` */

/*Table structure for table `inputorder` */

DROP TABLE IF EXISTS `inputorder`;

CREATE TABLE `inputorder` (
  `id` bigint unsigned NOT NULL AUTO_INCREMENT,
  `kurir_id` bigint unsigned DEFAULT NULL,
  `id_riwayat` bigint DEFAULT NULL,
  `nama_pengirim` varchar(255) COLLATE utf8mb4_unicode_ci NOT NULL,
  `alamat_pengirim` text COLLATE utf8mb4_unicode_ci NOT NULL,
  `no_telp_pengirim` varchar(255) COLLATE utf8mb4_unicode_ci NOT NULL,
  `nama_penerima` varchar(255) COLLATE utf8mb4_unicode_ci NOT NULL,
  `alamat_penerima` varchar(255) COLLATE utf8mb4_unicode_ci NOT NULL,
  `no_telp_penerima` varchar(255) COLLATE utf8mb4_unicode_ci NOT NULL,
  `jenis_barang` varchar(255) COLLATE utf8mb4_unicode_ci NOT NULL,
  `jenis_layanan` varchar(255) COLLATE utf8mb4_unicode_ci NOT NULL,
  `berat_barang` int NOT NULL,
  `status` enum('menunggu','dalam proses','dikirim','selesai','masuk gudang','keluar gudang','diproses') CHARACTER SET utf8mb4 COLLATE utf8mb4_unicode_ci NOT NULL DEFAULT 'dikirim',
  `no_resi` varchar(50) COLLATE utf8mb4_unicode_ci NOT NULL,
  `created_at` timestamp NULL DEFAULT NULL,
  `updated_at` timestamp NULL DEFAULT NULL,
  `ekspedisi` varchar(255) COLLATE utf8mb4_unicode_ci NOT NULL,
  `waktu` timestamp NULL DEFAULT NULL,
  `biaya` int DEFAULT NULL,
  `rating` int DEFAULT NULL,
  `riwayat` varchar(255) COLLATE utf8mb4_unicode_ci DEFAULT NULL,
  `ulasan` text COLLATE utf8mb4_unicode_ci,
  `riwayat_pengiriman` varchar(255) COLLATE utf8mb4_unicode_ci DEFAULT NULL,
  `asal_provinsi_id` bigint unsigned NOT NULL,
  `asal_kota_id` bigint unsigned NOT NULL,
  `tujuan_provinsi_id` bigint unsigned NOT NULL,
  `tujuan_kota_id` bigint unsigned NOT NULL,
  `status_pembayaran` enum('belum dibayar','settlement','pending','expire','cancel','deny','failure','refund') CHARACTER SET utf8mb4 COLLATE utf8mb4_unicode_ci DEFAULT 'belum dibayar',
  `snap_token` varchar(255) COLLATE utf8mb4_unicode_ci DEFAULT NULL,
  PRIMARY KEY (`id`),
  KEY `inputorder_asal_provinsi_id_foreign` (`asal_provinsi_id`),
  KEY `inputorder_asal_kota_id_foreign` (`asal_kota_id`),
  KEY `inputorder_tujuan_provinsi_id_foreign` (`tujuan_provinsi_id`),
  KEY `inputorder_tujuan_kota_id_foreign` (`tujuan_kota_id`),
  KEY `inputorder_ibfk_1` (`kurir_id`),
  CONSTRAINT `inputorder_asal_kota_id_foreign` FOREIGN KEY (`asal_kota_id`) REFERENCES `cities` (`id`),
  CONSTRAINT `inputorder_asal_provinsi_id_foreign` FOREIGN KEY (`asal_provinsi_id`) REFERENCES `provinces` (`id`),
  CONSTRAINT `inputorder_ibfk_1` FOREIGN KEY (`kurir_id`) REFERENCES `kurir` (`id`) ON DELETE CASCADE ON UPDATE CASCADE,
  CONSTRAINT `inputorder_tujuan_kota_id_foreign` FOREIGN KEY (`tujuan_kota_id`) REFERENCES `cities` (`id`),
  CONSTRAINT `inputorder_tujuan_provinsi_id_foreign` FOREIGN KEY (`tujuan_provinsi_id`) REFERENCES `provinces` (`id`)
) ENGINE=InnoDB AUTO_INCREMENT=51 DEFAULT CHARSET=utf8mb4 COLLATE=utf8mb4_unicode_ci;

/*Data for the table `inputorder` */

insert  into `inputorder`(`id`,`kurir_id`,`id_riwayat`,`nama_pengirim`,`alamat_pengirim`,`no_telp_pengirim`,`nama_penerima`,`alamat_penerima`,`no_telp_penerima`,`jenis_barang`,`jenis_layanan`,`berat_barang`,`status`,`no_resi`,`created_at`,`updated_at`,`ekspedisi`,`waktu`,`biaya`,`rating`,`riwayat`,`ulasan`,`riwayat_pengiriman`,`asal_provinsi_id`,`asal_kota_id`,`tujuan_provinsi_id`,`tujuan_kota_id`,`status_pembayaran`,`snap_token`) values 
(32,2,NULL,'sarah','sawo','fg bc','leona','bringin','0812345678','sembako','TRX',3,'selesai','RESI-1752456445-2929',NULL,NULL,'tiki','2025-07-14 08:27:25',21000,4,NULL,'asdfg',NULL,1,17,1,114,NULL,NULL),
(33,1,NULL,'wresg','gfgf','fg bc','fadf','zdegd','0812345678','dfrdx','JTR',1,'dikirim','RESI-1752456601-7302',NULL,NULL,'jne','2025-07-14 08:30:01',110000,3,NULL,'qwertyui',NULL,4,175,4,379,NULL,NULL),
(47,NULL,NULL,'wresg','dfcxz','0825789','fadf','bringin','09876543','kursi','JTR',3,'menunggu','RESI-1752480929-2694',NULL,NULL,'jne','2025-07-14 15:15:29',40000,NULL,NULL,NULL,NULL,3,106,3,403,'settlement','0feab92d-aad1-47ed-b66a-348b2274cfc9'),
(48,NULL,NULL,'wresg','dfcxz','0825789','leona','bringin','0812345678','dfrdx','REG',3,'menunggu','RESI-1752481639-8282',NULL,NULL,'jne','2025-07-14 15:27:19',117000,NULL,NULL,NULL,NULL,2,27,2,56,'settlement','9fc56be1-0bb5-49d1-a355-1c207cb50967'),
(49,NULL,NULL,'wresg','dfcxz','0825789','leona','zdegd','ggdxgt','sembako','JTR',2,'menunggu','RESI-1752481987-3064',NULL,NULL,'jne','2025-07-14 15:33:07',140000,NULL,NULL,NULL,NULL,4,64,5,135,'settlement','70d938f4-165a-4f75-903e-cbf1bab36ed7'),
(50,NULL,NULL,'leona','sawo','081234567','ica','bringin','0876543344','bangunan','JTR',1,'menunggu','RESI-1752560684-4250',NULL,NULL,'jne','2025-07-15 13:24:44',65000,NULL,NULL,NULL,NULL,11,444,9,22,'settlement','5b6724f3-319d-420b-9220-e8f2cf3529f9');

/*Table structure for table `kota` */

DROP TABLE IF EXISTS `kota`;

CREATE TABLE `kota` (
  `id` bigint unsigned NOT NULL AUTO_INCREMENT,
  `nama` varchar(255) COLLATE utf8mb4_unicode_ci NOT NULL,
  `provinsi` varchar(255) COLLATE utf8mb4_unicode_ci NOT NULL,
  `kode_pos` varchar(255) COLLATE utf8mb4_unicode_ci DEFAULT NULL,
  `created_at` timestamp NULL DEFAULT NULL,
  `updated_at` timestamp NULL DEFAULT NULL,
  PRIMARY KEY (`id`)
) ENGINE=InnoDB DEFAULT CHARSET=utf8mb4 COLLATE=utf8mb4_unicode_ci;

/*Data for the table `kota` */

/*Table structure for table `kurir` */

DROP TABLE IF EXISTS `kurir`;

CREATE TABLE `kurir` (
  `id` bigint unsigned NOT NULL AUTO_INCREMENT,
  `user_id` bigint unsigned NOT NULL,
  `jenis_kendaraan` varchar(255) COLLATE utf8mb4_unicode_ci DEFAULT NULL,
  `penilaian` text COLLATE utf8mb4_unicode_ci,
  `alamat` text COLLATE utf8mb4_unicode_ci,
  `status` enum('aktif','nonaktif') COLLATE utf8mb4_unicode_ci NOT NULL DEFAULT 'nonaktif',
  `created_at` timestamp NULL DEFAULT NULL,
  `updated_at` timestamp NULL DEFAULT NULL,
  PRIMARY KEY (`id`),
  KEY `kurir_user_id_foreign` (`user_id`),
  CONSTRAINT `kurir_user_id_foreign` FOREIGN KEY (`user_id`) REFERENCES `users` (`id`) ON DELETE CASCADE
) ENGINE=InnoDB AUTO_INCREMENT=3 DEFAULT CHARSET=utf8mb4 COLLATE=utf8mb4_unicode_ci;

/*Data for the table `kurir` */

insert  into `kurir`(`id`,`user_id`,`jenis_kendaraan`,`penilaian`,`alamat`,`status`,`created_at`,`updated_at`) values 
(1,3,'motor',NULL,'bringin','aktif','2025-06-18 13:30:24','2025-06-20 09:38:55'),
(2,5,'motor',NULL,'sdfgh','nonaktif','2025-06-26 09:45:52','2025-06-30 11:14:36');

/*Table structure for table `migrations` */

DROP TABLE IF EXISTS `migrations`;

CREATE TABLE `migrations` (
  `id` int unsigned NOT NULL AUTO_INCREMENT,
  `migration` varchar(255) COLLATE utf8mb4_unicode_ci NOT NULL,
  `batch` int NOT NULL,
  PRIMARY KEY (`id`)
) ENGINE=InnoDB AUTO_INCREMENT=29 DEFAULT CHARSET=utf8mb4 COLLATE=utf8mb4_unicode_ci;

/*Data for the table `migrations` */

insert  into `migrations`(`id`,`migration`,`batch`) values 
(1,'2014_10_12_000000_create_users_table',1),
(2,'2014_10_12_100000_create_password_reset_tokens_table',1),
(3,'2019_08_19_000000_create_failed_jobs_table',1),
(4,'2019_12_14_000001_create_personal_access_tokens_table',1),
(5,'2023_12_12_072543_create_permission_tables',1),
(6,'2023_12_31_064553_create_settings_table',1),
(7,'2025_03_26_042049_create_kurir_table',1),
(8,'2025_03_27_063149_create_pelanggan_table',1),
(9,'2025_04_09_044012_create_pesanan_table',1),
(10,'2025_04_10_012236_create_pengiriman_table',1),
(11,'2025_04_15_033242_create_tracking_table',1),
(12,'2025_04_21_033826_create_order_table',1),
(13,'2025_04_21_083555_create_transaksi_table',1),
(14,'2025_04_22_024145_create_inputorder_table',1),
(15,'2025_05_15_110344_create_kota_table',1),
(16,'2025_05_19_092514_change_no_resi_to_string_in_input',1),
(17,'2025_05_19_101451_create_provinces_table',1),
(18,'2025_05_19_101503_create_cities_table',1),
(19,'2025_05_22_112748_create_riwayat_table',1),
(20,'2025_05_23_153507_add_multiple_columns_to_inputorder_table',1),
(21,'2025_06_16_082404_create_pengantar_table',1),
(22,'2025_06_23_082212_create_paymenta_table',2),
(23,'2025_06_23_082212_create_payments_table',3),
(24,'2025_06_23_082212_create_payment_table',4),
(25,'2025_06_23_101327_create_payments_table',5),
(26,'2025_06_25_093705_create_gudang_table',6),
(27,'2025_06_25_095031_create_gudang_table',7),
(28,'2025_07_14_141739_add_snap_token_to_input_table',8);

/*Table structure for table `model_has_permissions` */

DROP TABLE IF EXISTS `model_has_permissions`;

CREATE TABLE `model_has_permissions` (
  `permission_id` bigint unsigned NOT NULL,
  `model_type` varchar(255) COLLATE utf8mb4_unicode_ci NOT NULL,
  `model_id` char(36) COLLATE utf8mb4_unicode_ci NOT NULL,
  PRIMARY KEY (`permission_id`,`model_id`,`model_type`),
  KEY `model_has_permissions_model_id_model_type_index` (`model_id`,`model_type`),
  CONSTRAINT `model_has_permissions_permission_id_foreign` FOREIGN KEY (`permission_id`) REFERENCES `permissions` (`id`) ON DELETE CASCADE
) ENGINE=InnoDB DEFAULT CHARSET=utf8mb4 COLLATE=utf8mb4_unicode_ci;

/*Data for the table `model_has_permissions` */

/*Table structure for table `model_has_roles` */

DROP TABLE IF EXISTS `model_has_roles`;

CREATE TABLE `model_has_roles` (
  `role_id` bigint unsigned NOT NULL,
  `model_type` varchar(255) COLLATE utf8mb4_unicode_ci NOT NULL,
  `model_id` char(36) COLLATE utf8mb4_unicode_ci NOT NULL,
  PRIMARY KEY (`role_id`,`model_id`,`model_type`),
  KEY `model_has_roles_model_id_model_type_index` (`model_id`,`model_type`),
  CONSTRAINT `model_has_roles_role_id_foreign` FOREIGN KEY (`role_id`) REFERENCES `roles` (`id`) ON DELETE CASCADE
) ENGINE=InnoDB DEFAULT CHARSET=utf8mb4 COLLATE=utf8mb4_unicode_ci;

/*Data for the table `model_has_roles` */

insert  into `model_has_roles`(`role_id`,`model_type`,`model_id`) values 
(1,'App\\Models\\User','1'),
(4,'App\\Models\\User','2'),
(2,'App\\Models\\User','3'),
(3,'App\\Models\\User','4'),
(2,'App\\Models\\User','5');

/*Table structure for table `order` */

DROP TABLE IF EXISTS `order`;

CREATE TABLE `order` (
  `id` bigint unsigned NOT NULL AUTO_INCREMENT,
  `nama_pelanggan` varchar(255) COLLATE utf8mb4_unicode_ci NOT NULL,
  `nama_toko` varchar(255) COLLATE utf8mb4_unicode_ci NOT NULL,
  `produk` varchar(255) COLLATE utf8mb4_unicode_ci NOT NULL,
  `total_harga` varchar(255) COLLATE utf8mb4_unicode_ci NOT NULL,
  `pengirim` varchar(255) COLLATE utf8mb4_unicode_ci NOT NULL,
  `penerima` varchar(255) COLLATE utf8mb4_unicode_ci NOT NULL,
  `alamat` varchar(255) COLLATE utf8mb4_unicode_ci NOT NULL,
  `status` enum('dikirim','selesai','dalam proses','dibatalkan') COLLATE utf8mb4_unicode_ci NOT NULL DEFAULT 'dikirim',
  `created_at` timestamp NULL DEFAULT NULL,
  `updated_at` timestamp NULL DEFAULT NULL,
  PRIMARY KEY (`id`)
) ENGINE=InnoDB DEFAULT CHARSET=utf8mb4 COLLATE=utf8mb4_unicode_ci;

/*Data for the table `order` */

/*Table structure for table `password_reset_tokens` */

DROP TABLE IF EXISTS `password_reset_tokens`;

CREATE TABLE `password_reset_tokens` (
  `email` varchar(255) COLLATE utf8mb4_unicode_ci NOT NULL,
  `token` varchar(255) COLLATE utf8mb4_unicode_ci NOT NULL,
  `created_at` timestamp NULL DEFAULT NULL,
  PRIMARY KEY (`email`)
) ENGINE=InnoDB DEFAULT CHARSET=utf8mb4 COLLATE=utf8mb4_unicode_ci;

/*Data for the table `password_reset_tokens` */

/*Table structure for table `payments` */

DROP TABLE IF EXISTS `payments`;

CREATE TABLE `payments` (
  `id` bigint unsigned NOT NULL AUTO_INCREMENT,
  `order_id` varchar(255) COLLATE utf8mb4_unicode_ci NOT NULL,
  `status` varchar(255) CHARACTER SET utf8mb4 COLLATE utf8mb4_unicode_ci DEFAULT NULL,
  `price` double DEFAULT NULL,
  `item_name` varchar(255) CHARACTER SET utf8mb4 COLLATE utf8mb4_unicode_ci DEFAULT NULL,
  `customer_first_name` varchar(255) CHARACTER SET utf8mb4 COLLATE utf8mb4_unicode_ci DEFAULT NULL,
  `customer_email` varchar(255) CHARACTER SET utf8mb4 COLLATE utf8mb4_unicode_ci DEFAULT NULL,
  `checkout_link` varchar(255) CHARACTER SET utf8mb4 COLLATE utf8mb4_unicode_ci DEFAULT NULL,
  `created_at` timestamp NULL DEFAULT NULL,
  `updated_at` timestamp NULL DEFAULT NULL,
  PRIMARY KEY (`id`)
) ENGINE=InnoDB AUTO_INCREMENT=9 DEFAULT CHARSET=utf8mb4 COLLATE=utf8mb4_unicode_ci;

/*Data for the table `payments` */

insert  into `payments`(`id`,`order_id`,`status`,`price`,`item_name`,`customer_first_name`,`customer_email`,`checkout_link`,`created_at`,`updated_at`) values 
(1,'b9bfec7f-8c64-41ad-9878-1b3f236259f5','pending',NULL,NULL,NULL,NULL,NULL,'2025-06-23 13:46:06','2025-06-23 13:46:06'),
(2,'fdf3673c-c01e-4585-a131-59ce691dfded','pending',NULL,NULL,NULL,NULL,NULL,'2025-06-23 13:48:31','2025-06-23 13:48:31'),
(3,'00bcab24-0117-4bb6-baea-9dd34fd41bed','pending',NULL,NULL,NULL,NULL,NULL,'2025-06-23 14:06:17','2025-06-23 14:06:17'),
(4,'0887f9ea-f867-41a0-827a-505c930f1455','pending',NULL,NULL,NULL,NULL,NULL,'2025-06-23 14:13:35','2025-06-23 14:13:35'),
(5,'bbde5fb8-d777-4bdb-9e10-b2e9287547a4','pending',NULL,NULL,NULL,NULL,NULL,'2025-06-23 14:15:37','2025-06-23 14:15:37'),
(6,'a9220766-2ae2-43f9-b6d1-2bff673273f7','pending',NULL,NULL,NULL,NULL,NULL,'2025-06-23 14:15:55','2025-06-23 14:15:55'),
(7,'fb24d14e-7628-4778-b6d3-504232e36e13','pending',NULL,NULL,NULL,NULL,NULL,'2025-06-23 14:34:17','2025-06-23 14:34:17'),
(8,'a6d113b8-dde0-482d-bbad-8fdac2503bcc','pending',110000,NULL,NULL,NULL,NULL,'2025-06-23 15:30:30','2025-06-23 15:30:30');

/*Table structure for table `pelanggan` */

DROP TABLE IF EXISTS `pelanggan`;

CREATE TABLE `pelanggan` (
  `id` bigint unsigned NOT NULL AUTO_INCREMENT,
  `user_id` bigint unsigned NOT NULL,
  `alamat` varchar(255) COLLATE utf8mb4_unicode_ci DEFAULT NULL,
  `keluhan` text COLLATE utf8mb4_unicode_ci,
  `created_at` timestamp NULL DEFAULT NULL,
  `updated_at` timestamp NULL DEFAULT NULL,
  PRIMARY KEY (`id`),
  KEY `pelanggan_user_id_foreign` (`user_id`),
  CONSTRAINT `pelanggan_user_id_foreign` FOREIGN KEY (`user_id`) REFERENCES `users` (`id`) ON DELETE CASCADE
) ENGINE=InnoDB DEFAULT CHARSET=utf8mb4 COLLATE=utf8mb4_unicode_ci;

/*Data for the table `pelanggan` */

/*Table structure for table `pengiriman` */

DROP TABLE IF EXISTS `pengiriman`;

CREATE TABLE `pengiriman` (
  `id` bigint unsigned NOT NULL AUTO_INCREMENT,
  `kode_resi` varchar(255) COLLATE utf8mb4_unicode_ci NOT NULL,
  `id_pengirim` bigint unsigned NOT NULL,
  `id_kurir` bigint unsigned NOT NULL,
  `alamat_asal` varchar(255) COLLATE utf8mb4_unicode_ci NOT NULL,
  `alamat_tujuan` varchar(255) COLLATE utf8mb4_unicode_ci NOT NULL,
  `kapasitas` double(8,2) NOT NULL DEFAULT '0.00',
  `status_pengiriman` enum('dijadwalkan','dalam_perjalanan','terkirim') COLLATE utf8mb4_unicode_ci NOT NULL DEFAULT 'dijadwalkan',
  `tanggal_kirim` date NOT NULL,
  `tanggal_terima` date NOT NULL,
  `created_at` timestamp NULL DEFAULT NULL,
  `updated_at` timestamp NULL DEFAULT NULL,
  PRIMARY KEY (`id`)
) ENGINE=InnoDB DEFAULT CHARSET=utf8mb4 COLLATE=utf8mb4_unicode_ci;

/*Data for the table `pengiriman` */

/*Table structure for table `permissions` */

DROP TABLE IF EXISTS `permissions`;

CREATE TABLE `permissions` (
  `id` bigint unsigned NOT NULL AUTO_INCREMENT,
  `name` varchar(255) COLLATE utf8mb4_unicode_ci NOT NULL,
  `guard_name` varchar(255) COLLATE utf8mb4_unicode_ci NOT NULL,
  `created_at` timestamp NULL DEFAULT NULL,
  `updated_at` timestamp NULL DEFAULT NULL,
  PRIMARY KEY (`id`),
  UNIQUE KEY `permissions_name_guard_name_unique` (`name`,`guard_name`)
) ENGINE=InnoDB AUTO_INCREMENT=23 DEFAULT CHARSET=utf8mb4 COLLATE=utf8mb4_unicode_ci;

/*Data for the table `permissions` */

insert  into `permissions`(`id`,`name`,`guard_name`,`created_at`,`updated_at`) values 
(1,'dashboard','api','2025-06-18 12:05:45','2025-06-18 12:05:45'),
(2,'master','api','2025-06-18 12:05:45','2025-06-18 12:05:45'),
(3,'master-user','api','2025-06-18 12:05:45','2025-06-18 12:05:45'),
(4,'master-role','api','2025-06-18 12:05:45','2025-06-18 12:05:45'),
(5,'website','api','2025-06-18 12:05:45','2025-06-18 12:05:45'),
(6,'setting','api','2025-06-18 12:05:45','2025-06-18 12:05:45'),
(7,'kurir','api','2025-06-18 12:05:45','2025-06-18 12:05:45'),
(8,'pesanan','api','2025-06-18 12:05:45','2025-06-18 12:05:45'),
(9,'pelanggan','api','2025-06-18 12:05:45','2025-06-18 12:05:45'),
(10,'transaksi','api','2025-06-18 12:05:45','2025-06-18 12:05:45'),
(11,'akun','api','2025-06-18 12:05:45','2025-06-18 12:05:45'),
(12,'orderan','api','2025-06-18 12:05:45','2025-06-18 12:05:45'),
(13,'cekresi','api','2025-06-18 12:05:45','2025-06-18 12:05:45'),
(14,'d_pengguna','api','2025-06-18 12:05:45','2025-06-18 12:05:45'),
(15,'order','api','2025-06-18 12:05:45','2025-06-18 12:05:45'),
(16,'input','api','2025-06-18 12:05:45','2025-06-18 12:05:45'),
(17,'data','api','2025-06-18 12:05:45','2025-06-18 12:05:45'),
(18,'ordered','api','2025-06-18 12:05:45','2025-06-18 12:05:45'),
(19,'riwayat','api','2025-06-18 12:05:45','2025-06-18 12:05:45'),
(20,'riwayatt','api','2025-06-18 12:05:45','2025-06-18 12:05:45'),
(21,'gudang','api','2025-06-25 10:14:17','2025-06-25 10:14:17'),
(22,'pengiriman','api','2025-06-26 13:19:17','2025-06-26 13:19:17');

/*Table structure for table `personal_access_tokens` */

DROP TABLE IF EXISTS `personal_access_tokens`;

CREATE TABLE `personal_access_tokens` (
  `id` bigint unsigned NOT NULL AUTO_INCREMENT,
  `tokenable_type` varchar(255) COLLATE utf8mb4_unicode_ci NOT NULL,
  `tokenable_id` bigint unsigned NOT NULL,
  `name` varchar(255) COLLATE utf8mb4_unicode_ci NOT NULL,
  `token` varchar(64) COLLATE utf8mb4_unicode_ci NOT NULL,
  `abilities` text COLLATE utf8mb4_unicode_ci,
  `last_used_at` timestamp NULL DEFAULT NULL,
  `expires_at` timestamp NULL DEFAULT NULL,
  `created_at` timestamp NULL DEFAULT NULL,
  `updated_at` timestamp NULL DEFAULT NULL,
  PRIMARY KEY (`id`),
  UNIQUE KEY `personal_access_tokens_token_unique` (`token`),
  KEY `personal_access_tokens_tokenable_type_tokenable_id_index` (`tokenable_type`,`tokenable_id`)
) ENGINE=InnoDB DEFAULT CHARSET=utf8mb4 COLLATE=utf8mb4_unicode_ci;

/*Data for the table `personal_access_tokens` */

/*Table structure for table `pesanan` */

DROP TABLE IF EXISTS `pesanan`;

CREATE TABLE `pesanan` (
  `id` bigint unsigned NOT NULL AUTO_INCREMENT,
  `uuid` char(36) COLLATE utf8mb4_unicode_ci NOT NULL,
  `nama_pelanggan` varchar(255) COLLATE utf8mb4_unicode_ci NOT NULL,
  `produk` text COLLATE utf8mb4_unicode_ci NOT NULL,
  `total_harga` decimal(10,2) NOT NULL,
  `tanggal_pesan` date NOT NULL DEFAULT '2025-06-18',
  `pengirim` varchar(255) COLLATE utf8mb4_unicode_ci NOT NULL,
  `penerima` varchar(255) COLLATE utf8mb4_unicode_ci NOT NULL,
  `alamat_pengiriman` varchar(255) COLLATE utf8mb4_unicode_ci NOT NULL,
  `status` enum('Dikemas','Dikirim','Selesai','Dibatalkan') COLLATE utf8mb4_unicode_ci NOT NULL DEFAULT 'Dikirim',
  `created_at` timestamp NULL DEFAULT NULL,
  `updated_at` timestamp NULL DEFAULT NULL,
  PRIMARY KEY (`id`),
  UNIQUE KEY `pesanan_uuid_unique` (`uuid`)
) ENGINE=InnoDB DEFAULT CHARSET=utf8mb4 COLLATE=utf8mb4_unicode_ci;

/*Data for the table `pesanan` */

/*Table structure for table `provinces` */

DROP TABLE IF EXISTS `provinces`;

CREATE TABLE `provinces` (
  `id` bigint unsigned NOT NULL AUTO_INCREMENT,
  `province_id` int unsigned NOT NULL,
  `name` varchar(255) COLLATE utf8mb4_unicode_ci NOT NULL,
  `created_at` timestamp NULL DEFAULT NULL,
  `updated_at` timestamp NULL DEFAULT NULL,
  PRIMARY KEY (`id`)
) ENGINE=InnoDB AUTO_INCREMENT=35 DEFAULT CHARSET=utf8mb4 COLLATE=utf8mb4_unicode_ci;

/*Data for the table `provinces` */

insert  into `provinces`(`id`,`province_id`,`name`,`created_at`,`updated_at`) values 
(1,1,'Bali','2025-06-18 12:05:52','2025-06-18 12:05:52'),
(2,2,'Bangka Belitung','2025-06-18 12:05:54','2025-06-18 12:05:54'),
(3,3,'Banten','2025-06-18 12:05:55','2025-06-18 12:05:55'),
(4,4,'Bengkulu','2025-06-18 12:05:57','2025-06-18 12:05:57'),
(5,5,'DI Yogyakarta','2025-06-18 12:06:00','2025-06-18 12:06:00'),
(6,6,'DKI Jakarta','2025-06-18 12:06:02','2025-06-18 12:06:02'),
(7,7,'Gorontalo','2025-06-18 12:06:04','2025-06-18 12:06:04'),
(8,8,'Jambi','2025-06-18 12:06:05','2025-06-18 12:06:05'),
(9,9,'Jawa Barat','2025-06-18 12:06:07','2025-06-18 12:06:07'),
(10,10,'Jawa Tengah','2025-06-18 12:06:08','2025-06-18 12:06:08'),
(11,11,'Jawa Timur','2025-06-18 12:06:10','2025-06-18 12:06:10'),
(12,12,'Kalimantan Barat','2025-06-18 12:06:12','2025-06-18 12:06:12'),
(13,13,'Kalimantan Selatan','2025-06-18 12:06:13','2025-06-18 12:06:13'),
(14,14,'Kalimantan Tengah','2025-06-18 12:06:17','2025-06-18 12:06:17'),
(15,15,'Kalimantan Timur','2025-06-18 12:06:19','2025-06-18 12:06:19'),
(16,16,'Kalimantan Utara','2025-06-18 12:06:21','2025-06-18 12:06:21'),
(17,17,'Kepulauan Riau','2025-06-18 12:06:22','2025-06-18 12:06:22'),
(18,18,'Lampung','2025-06-18 12:06:24','2025-06-18 12:06:24'),
(19,19,'Maluku','2025-06-18 12:06:26','2025-06-18 12:06:26'),
(20,20,'Maluku Utara','2025-06-18 12:06:28','2025-06-18 12:06:28'),
(21,21,'Nanggroe Aceh Darussalam (NAD)','2025-06-18 12:06:30','2025-06-18 12:06:30'),
(22,22,'Nusa Tenggara Barat (NTB)','2025-06-18 12:06:31','2025-06-18 12:06:31'),
(23,23,'Nusa Tenggara Timur (NTT)','2025-06-18 12:06:33','2025-06-18 12:06:33'),
(24,24,'Papua','2025-06-18 12:06:35','2025-06-18 12:06:35'),
(25,25,'Papua Barat','2025-06-18 12:06:36','2025-06-18 12:06:36'),
(26,26,'Riau','2025-06-18 12:06:38','2025-06-18 12:06:38'),
(27,27,'Sulawesi Barat','2025-06-18 12:06:40','2025-06-18 12:06:40'),
(28,28,'Sulawesi Selatan','2025-06-18 12:06:42','2025-06-18 12:06:42'),
(29,29,'Sulawesi Tengah','2025-06-18 12:06:44','2025-06-18 12:06:44'),
(30,30,'Sulawesi Tenggara','2025-06-18 12:06:46','2025-06-18 12:06:46'),
(31,31,'Sulawesi Utara','2025-06-18 12:06:48','2025-06-18 12:06:48'),
(32,32,'Sumatera Barat','2025-06-18 12:06:50','2025-06-18 12:06:50'),
(33,33,'Sumatera Selatan','2025-06-18 12:06:51','2025-06-18 12:06:51'),
(34,34,'Sumatera Utara','2025-06-18 12:06:56','2025-06-18 12:06:56');

/*Table structure for table `riwayat` */

DROP TABLE IF EXISTS `riwayat`;

CREATE TABLE `riwayat` (
  `id_riwayat` bigint unsigned NOT NULL AUTO_INCREMENT,
  `id` bigint unsigned NOT NULL,
  `kurir_id` bigint unsigned DEFAULT NULL,
  `deskripsi` text COLLATE utf8mb4_unicode_ci NOT NULL,
  `created_at` timestamp NULL DEFAULT NULL,
  `updated_at` timestamp NULL DEFAULT NULL,
  PRIMARY KEY (`id_riwayat`),
  KEY `kurir_id` (`kurir_id`),
  CONSTRAINT `riwayat_ibfk_1` FOREIGN KEY (`kurir_id`) REFERENCES `kurir` (`id`) ON DELETE CASCADE ON UPDATE CASCADE
) ENGINE=InnoDB AUTO_INCREMENT=58 DEFAULT CHARSET=utf8mb4 COLLATE=utf8mb4_unicode_ci;

/*Data for the table `riwayat` */

insert  into `riwayat`(`id_riwayat`,`id`,`kurir_id`,`deskripsi`,`created_at`,`updated_at`) values 
(39,31,NULL,'gatau','2025-07-11 15:55:31','2025-07-11 15:55:31'),
(40,30,NULL,'Paket diambil kurir','2025-07-11 15:59:58','2025-07-11 15:59:58'),
(41,31,NULL,'Paket diambil kurir','2025-07-14 08:24:27','2025-07-14 08:24:27'),
(42,32,NULL,'Paket diambil kurir','2025-07-14 08:31:07','2025-07-14 08:31:07'),
(43,32,NULL,'Paket masuk gudang oleh petugas','2025-07-14 08:32:22','2025-07-14 08:32:22'),
(44,32,NULL,'Paket keluar dari gudang','2025-07-14 08:34:47','2025-07-14 08:34:47'),
(45,33,NULL,'Paket diambil kurirjaka','2025-07-14 08:38:03','2025-07-14 08:38:03'),
(46,33,NULL,'sedang diproses','2025-07-14 08:39:25','2025-07-14 08:39:25'),
(47,33,NULL,'Paket masuk gudang oleh petugas','2025-07-14 08:39:40','2025-07-14 08:39:40'),
(48,33,NULL,'Paket keluar dari gudang','2025-07-14 08:39:54','2025-07-14 08:39:54'),
(49,33,NULL,'Paket diambil kurirkurir','2025-07-14 08:49:23','2025-07-14 08:49:23'),
(50,33,NULL,'menuju alamat','2025-07-14 09:07:51','2025-07-14 09:07:51'),
(51,32,NULL,'Paket diambil kurir jaka','2025-07-15 13:28:58','2025-07-15 13:28:58'),
(52,32,NULL,'Paket diambil kurir jaka','2025-07-15 13:29:08','2025-07-15 13:29:08'),
(53,32,NULL,'Paket diambil kurir jaka','2025-07-15 13:29:23','2025-07-15 13:29:23'),
(54,32,NULL,'Paket diambil kurir jaka','2025-07-15 13:29:37','2025-07-15 13:29:37'),
(55,32,NULL,'Paket diambil kurir jaka','2025-07-15 13:30:47','2025-07-15 13:30:47'),
(56,32,NULL,'menuju alamat','2025-07-15 13:41:58','2025-07-15 13:41:58'),
(57,32,NULL,'Paket telah diterima oleh yang bersangkutan','2025-07-15 13:57:44','2025-07-15 13:57:44');

/*Table structure for table `role_has_permissions` */

DROP TABLE IF EXISTS `role_has_permissions`;

CREATE TABLE `role_has_permissions` (
  `permission_id` bigint unsigned NOT NULL,
  `role_id` bigint unsigned NOT NULL,
  PRIMARY KEY (`permission_id`,`role_id`),
  KEY `role_has_permissions_role_id_foreign` (`role_id`),
  CONSTRAINT `role_has_permissions_permission_id_foreign` FOREIGN KEY (`permission_id`) REFERENCES `permissions` (`id`) ON DELETE CASCADE,
  CONSTRAINT `role_has_permissions_role_id_foreign` FOREIGN KEY (`role_id`) REFERENCES `roles` (`id`) ON DELETE CASCADE
) ENGINE=InnoDB DEFAULT CHARSET=utf8mb4 COLLATE=utf8mb4_unicode_ci;

/*Data for the table `role_has_permissions` */

insert  into `role_has_permissions`(`permission_id`,`role_id`) values 
(1,1),
(2,1),
(3,1),
(4,1),
(5,1),
(6,1),
(7,1),
(8,1),
(9,1),
(10,1),
(11,1),
(12,1),
(14,1),
(15,1),
(16,1),
(17,1),
(18,1),
(19,1),
(20,1),
(21,1),
(22,1),
(10,2),
(11,2),
(12,2),
(15,2),
(18,2),
(19,2),
(10,3),
(15,3),
(16,3),
(17,3),
(15,4),
(17,4),
(22,4);

/*Table structure for table `roles` */

DROP TABLE IF EXISTS `roles`;

CREATE TABLE `roles` (
  `id` bigint unsigned NOT NULL AUTO_INCREMENT,
  `name` varchar(255) COLLATE utf8mb4_unicode_ci NOT NULL,
  `full_name` varchar(255) COLLATE utf8mb4_unicode_ci NOT NULL,
  `guard_name` varchar(255) COLLATE utf8mb4_unicode_ci NOT NULL,
  `created_at` timestamp NULL DEFAULT NULL,
  `updated_at` timestamp NULL DEFAULT NULL,
  PRIMARY KEY (`id`),
  UNIQUE KEY `roles_name_guard_name_unique` (`name`,`guard_name`)
) ENGINE=InnoDB AUTO_INCREMENT=5 DEFAULT CHARSET=utf8mb4 COLLATE=utf8mb4_unicode_ci;

/*Data for the table `roles` */

insert  into `roles`(`id`,`name`,`full_name`,`guard_name`,`created_at`,`updated_at`) values 
(1,'admin','Administrator','api','2025-06-18 12:05:44','2025-06-18 12:05:44'),
(2,'kurir','Kurir','api','2025-06-18 12:05:44','2025-06-18 12:05:44'),
(3,'agen','Agen','api','2025-06-18 12:05:44','2025-06-18 13:30:51'),
(4,'gudang','Gudang','api','2025-06-18 12:05:44','2025-06-18 12:05:44');

/*Table structure for table `settings` */

DROP TABLE IF EXISTS `settings`;

CREATE TABLE `settings` (
  `id` bigint unsigned NOT NULL AUTO_INCREMENT,
  `uuid` char(36) COLLATE utf8mb4_unicode_ci NOT NULL,
  `app` varchar(255) COLLATE utf8mb4_unicode_ci NOT NULL,
  `description` text COLLATE utf8mb4_unicode_ci NOT NULL,
  `logo` varchar(255) COLLATE utf8mb4_unicode_ci NOT NULL,
  `banner` varchar(255) COLLATE utf8mb4_unicode_ci NOT NULL,
  `bg_auth` varchar(255) COLLATE utf8mb4_unicode_ci NOT NULL,
  `dinas` varchar(255) COLLATE utf8mb4_unicode_ci NOT NULL,
  `pemerintah` varchar(255) COLLATE utf8mb4_unicode_ci NOT NULL,
  `alamat` varchar(255) COLLATE utf8mb4_unicode_ci NOT NULL,
  `telepon` varchar(255) COLLATE utf8mb4_unicode_ci NOT NULL,
  `email` varchar(255) COLLATE utf8mb4_unicode_ci NOT NULL,
  `created_at` timestamp NULL DEFAULT NULL,
  `updated_at` timestamp NULL DEFAULT NULL,
  PRIMARY KEY (`id`),
  UNIQUE KEY `settings_uuid_unique` (`uuid`)
) ENGINE=InnoDB AUTO_INCREMENT=2 DEFAULT CHARSET=utf8mb4 COLLATE=utf8mb4_unicode_ci;

/*Data for the table `settings` */

insert  into `settings`(`id`,`uuid`,`app`,`description`,`logo`,`banner`,`bg_auth`,`dinas`,`pemerintah`,`alamat`,`telepon`,`email`,`created_at`,`updated_at`) values 
(1,'9dc1c9ac-8bc9-4f3f-bb06-e9d60e0e8017','kurir','tidak ada','/storage/setting/OiDAPMcEvKBmFprePucvbreiTvZ88koMAAlxrE7C.jpg','/media/misc/banner.jpg','/storage/setting/ZM0EoJIqlsiJ6UOZF0KRhPXOqtrh29o01JUqwxHo.jpg','Dinas Lingkungan Hidup','Pemerintah Provinsi Jawa Timur','asdfg','asdf','asdf','2025-06-18 12:05:46','2025-06-30 11:12:40');

/*Table structure for table `tracking` */

DROP TABLE IF EXISTS `tracking`;

CREATE TABLE `tracking` (
  `id` bigint unsigned NOT NULL AUTO_INCREMENT,
  `status` varchar(255) COLLATE utf8mb4_unicode_ci NOT NULL,
  `location` varchar(255) COLLATE utf8mb4_unicode_ci NOT NULL,
  `timestamp` timestamp NOT NULL,
  `created_at` timestamp NULL DEFAULT NULL,
  `updated_at` timestamp NULL DEFAULT NULL,
  PRIMARY KEY (`id`)
) ENGINE=InnoDB DEFAULT CHARSET=utf8mb4 COLLATE=utf8mb4_unicode_ci;

/*Data for the table `tracking` */

/*Table structure for table `transaksi` */

DROP TABLE IF EXISTS `transaksi`;

CREATE TABLE `transaksi` (
  `id` bigint unsigned NOT NULL AUTO_INCREMENT,
  `nama_barang` varchar(255) COLLATE utf8mb4_unicode_ci NOT NULL,
  `alamat_asal` varchar(255) COLLATE utf8mb4_unicode_ci NOT NULL,
  `alamat_tujuan` varchar(255) COLLATE utf8mb4_unicode_ci NOT NULL,
  `pengirim` varchar(255) COLLATE utf8mb4_unicode_ci NOT NULL,
  `penerima` varchar(255) COLLATE utf8mb4_unicode_ci NOT NULL,
  `kurir` varchar(255) COLLATE utf8mb4_unicode_ci NOT NULL,
  `penilaian` varchar(255) COLLATE utf8mb4_unicode_ci NOT NULL,
  `created_at` timestamp NULL DEFAULT NULL,
  `updated_at` timestamp NULL DEFAULT NULL,
  PRIMARY KEY (`id`)
) ENGINE=InnoDB DEFAULT CHARSET=utf8mb4 COLLATE=utf8mb4_unicode_ci;

/*Data for the table `transaksi` */

/*Table structure for table `users` */

DROP TABLE IF EXISTS `users`;

CREATE TABLE `users` (
  `id` bigint unsigned NOT NULL AUTO_INCREMENT,
  `uuid` char(36) COLLATE utf8mb4_unicode_ci NOT NULL,
  `name` varchar(255) COLLATE utf8mb4_unicode_ci NOT NULL,
  `email` varchar(255) COLLATE utf8mb4_unicode_ci NOT NULL,
  `phone` varchar(255) COLLATE utf8mb4_unicode_ci NOT NULL,
  `photo` varchar(255) COLLATE utf8mb4_unicode_ci DEFAULT NULL,
  `password` varchar(255) COLLATE utf8mb4_unicode_ci NOT NULL,
  `remember_token` varchar(100) COLLATE utf8mb4_unicode_ci DEFAULT NULL,
  `created_at` timestamp NULL DEFAULT NULL,
  `updated_at` timestamp NULL DEFAULT NULL,
  PRIMARY KEY (`id`),
  UNIQUE KEY `users_uuid_unique` (`uuid`),
  UNIQUE KEY `users_email_unique` (`email`),
  UNIQUE KEY `users_phone_unique` (`phone`)
) ENGINE=InnoDB AUTO_INCREMENT=6 DEFAULT CHARSET=utf8mb4 COLLATE=utf8mb4_unicode_ci;

/*Data for the table `users` */

insert  into `users`(`id`,`uuid`,`name`,`email`,`phone`,`photo`,`password`,`remember_token`,`created_at`,`updated_at`) values 
(1,'7c61a58f-6724-4c86-9fcf-146a6c44e08c','Admin','admin@gmail.com','08123456789',NULL,'$2y$12$cOmU7NDky2TBcnjmdSl0d.Y3Kv5B/ZFaywx7vlpSvd7m1z29mAvkm',NULL,'2025-06-18 12:05:46','2025-06-18 12:05:46'),
(2,'fda72dda-22bd-489d-ab4d-343ff745be3f','gudang','gudang@gmail.com','098765432',NULL,'$2y$12$.HFdASn7/waR4lG7QkEWS.RMEAkHj2DjG8wE6tocaBhW.2CDGcf6C',NULL,'2025-06-18 13:29:48','2025-06-18 13:29:49'),
(3,'82381bb0-0a33-4111-8b5a-c630c4086733','kurir','kurir@gmail.com','07654567','photo/7NjsLxa52h7xghNhEXt7U9IpKdaLX6AdxIZAy9Oq.jpg','$2y$12$7TUXVlIrXNU9FaoqjO3UM.PIv9Bpmi2dEciqIHZSF1PNCSirh3FaO',NULL,'2025-06-18 13:30:24','2025-06-30 11:14:59'),
(4,'5113b765-40d0-4f7f-a8ac-c1526e9e9ca1','agen','agen@gmail.com','0876543345',NULL,'$2y$12$1w.JKfX2L5ZfL.QlkvxLJeGkOHFScgUgN6o1eYPikoxGQkhMyZWxm',NULL,'2025-06-18 13:31:54','2025-06-18 13:31:55'),
(5,'c3d93c24-281e-4ca9-a202-ecba223b16ac','jaka','jaka@gmail.com','0897543212','photo/cGSTX8FhFhfif0T4RoAmZnuNShD9dAWX3uIY7vpP.jpg','$2y$12$QY.0lvhehO0w7QbT9Z2Owe5gsZF4Fr5yu7SQpsIvUCeX3O6LdbLFu',NULL,'2025-06-26 09:45:52','2025-06-30 11:14:38');

/*!40101 SET SQL_MODE=@OLD_SQL_MODE */;
/*!40014 SET FOREIGN_KEY_CHECKS=@OLD_FOREIGN_KEY_CHECKS */;
/*!40014 SET UNIQUE_CHECKS=@OLD_UNIQUE_CHECKS */;
/*!40111 SET SQL_NOTES=@OLD_SQL_NOTES */;
